"ClassName","Patch","Compiled","AllTestsPassed","TotalExecutionTime(ms)","Fitness","FitnessImprovement"
"com.google.gson.GsonBuilder","|","true","true","89.39225","0","0"
"com.google.gson.GsonBuilder","| gin.edit.modifynode.BinaryOperatorReplacement  ./gson/src/main/java/com/google/gson/GsonBuilder.java:1050 PLUS -> DIVIDE |","true","false","54.923454","76","0"
"com.google.gson.GsonBuilder","|","true","true","144.84486","0","0"
"com.google.gson.GsonBuilder","| gin.edit.modifynode.BinaryOperatorReplacement  ./gson/src/main/java/com/google/gson/GsonBuilder.java:1050 PLUS -> LEFT_SHIFT |","true","true","82.71147","0","0"
"com.google.gson.GsonBuilder","|","true","true","67.63217","0","0"
"com.google.gson.GsonBuilder","| gin.edit.modifynode.BinaryOperatorReplacement  ./gson/src/main/java/com/google/gson/GsonBuilder.java:1049 PLUS -> MINUS |","true","false","34.092274","77","0"
"com.google.gson.GsonBuilder","| gin.edit.modifynode.BinaryOperatorReplacement  ./gson/src/main/java/com/google/gson/GsonBuilder.java:1050 PLUS -> UNSIGNED_RIGHT_SHIFT |","true","true","58.82049","0","0"
"com.google.gson.GsonBuilder","|","true","true","58.163193","0","0"
"com.google.gson.GsonBuilder","| gin.edit.modifynode.BinaryOperatorReplacement  ./gson/src/main/java/com/google/gson/GsonBuilder.java:1050 PLUS -> UNSIGNED_RIGHT_SHIFT |","true","true","63.568005","0","0"
"com.google.gson.GsonBuilder","|","true","true","63.22988","0","0"
"com.google.gson.GsonBuilder","| gin.edit.modifynode.BinaryOperatorReplacement  ./gson/src/main/java/com/google/gson/GsonBuilder.java:1049 PLUS -> SIGNED_RIGHT_SHIFT |","true","true","58.974213","0","0"
"com.google.gson.GsonBuilder","| gin.edit.modifynode.BinaryOperatorReplacement  ./gson/src/main/java/com/google/gson/GsonBuilder.java:1049 PLUS -> DIVIDE |","true","true","60.231667","0","0"
"com.google.gson.GsonBuilder","|","true","true","79.91142","0","0"
"com.google.gson.GsonBuilder","| gin.edit.modifynode.BinaryOperatorReplacement  ./gson/src/main/java/com/google/gson/GsonBuilder.java:1049 PLUS -> SIGNED_RIGHT_SHIFT |","true","true","59.612404","0","0"
"com.google.gson.GsonBuilder","|","true","true","58.44473","0","0"
"com.google.gson.GsonBuilder","|","true","true","178.14722","0","0"
"com.google.gson.GsonBuilder","|","true","true","58.579353","0","0"
"com.google.gson.GsonBuilder","| gin.edit.modifynode.BinaryOperatorReplacement  ./gson/src/main/java/com/google/gson/GsonBuilder.java:1049 PLUS -> LEFT_SHIFT |","true","true","58.88568","0","0"
"com.google.gson.GsonBuilder","| gin.edit.modifynode.BinaryOperatorReplacement  ./gson/src/main/java/com/google/gson/GsonBuilder.java:1050 PLUS -> MINUS |","true","true","56.75971","0","0"
"com.google.gson.GsonBuilder","| gin.edit.modifynode.BinaryOperatorReplacement  ./gson/src/main/java/com/google/gson/GsonBuilder.java:1050 PLUS -> DIVIDE |","true","false","37.1286","76","0"
"com.google.gson.GsonBuilder","|","true","true","59.54657","0","0"
"com.google.gson.GsonBuilder","| gin.edit.modifynode.BinaryOperatorReplacement  ./gson/src/main/java/com/google/gson/GsonBuilder.java:1050 PLUS -> MINUS |","true","true","57.7032","0","0"
"com.google.gson.GsonBuilder","|","true","true","58.454334","0","0"
"com.google.gson.GsonBuilder","| gin.edit.modifynode.BinaryOperatorReplacement  ./gson/src/main/java/com/google/gson/GsonBuilder.java:1049 PLUS -> DIVIDE | gin.edit.modifynode.BinaryOperatorReplacement  ./gson/src/main/java/com/google/gson/GsonBuilder.java:1050 PLUS -> LEFT_SHIFT |","true","true","82.22944","0","0"
"com.google.gson.GsonBuilder","|","true","true","54.714497","0","0"
"com.google.gson.GsonBuilder","| gin.edit.modifynode.BinaryOperatorReplacement  ./gson/src/main/java/com/google/gson/GsonBuilder.java:1049 PLUS -> DIVIDE | gin.edit.modifynode.BinaryOperatorReplacement  ./gson/src/main/java/com/google/gson/GsonBuilder.java:1049 PLUS -> DIVIDE |","true","true","55.096344","0","0"
"com.google.gson.GsonBuilder","| gin.edit.modifynode.BinaryOperatorReplacement  ./gson/src/main/java/com/google/gson/GsonBuilder.java:1049 PLUS -> UNSIGNED_RIGHT_SHIFT |","true","true","57.221855","0","0"
"com.google.gson.GsonBuilder","| gin.edit.modifynode.BinaryOperatorReplacement  ./gson/src/main/java/com/google/gson/GsonBuilder.java:1050 PLUS -> MINUS |","true","true","58.82328","0","0"
"com.google.gson.GsonBuilder","| gin.edit.modifynode.BinaryOperatorReplacement  ./gson/src/main/java/com/google/gson/GsonBuilder.java:1050 PLUS -> MULTIPLY |","true","true","55.21422","0","0"
"com.google.gson.GsonBuilder","| gin.edit.modifynode.BinaryOperatorReplacement  ./gson/src/main/java/com/google/gson/GsonBuilder.java:1050 PLUS -> MINUS |","true","true","55.433174","0","0"
"com.google.gson.GsonBuilder","|","true","true","55.06856","0","0"
"com.google.gson.GsonBuilder","| gin.edit.modifynode.BinaryOperatorReplacement  ./gson/src/main/java/com/google/gson/GsonBuilder.java:1050 PLUS -> MINUS | gin.edit.modifynode.BinaryOperatorReplacement  ./gson/src/main/java/com/google/gson/GsonBuilder.java:1050 PLUS -> LEFT_SHIFT |","true","true","58.38706","0","0"
"com.google.gson.GsonBuilder","|","true","true","98.92256","0","0"
"com.google.gson.GsonBuilder","| gin.edit.modifynode.BinaryOperatorReplacement  ./gson/src/main/java/com/google/gson/GsonBuilder.java:1050 PLUS -> MINUS | gin.edit.modifynode.BinaryOperatorReplacement  ./gson/src/main/java/com/google/gson/GsonBuilder.java:1049 PLUS -> UNSIGNED_RIGHT_SHIFT |","true","true","2997.8318","0","0"
"com.google.gson.GsonBuilder","| gin.edit.modifynode.BinaryOperatorReplacement  ./gson/src/main/java/com/google/gson/GsonBuilder.java:1050 PLUS -> UNSIGNED_RIGHT_SHIFT |","true","true","55.350002","0","0"
"com.google.gson.GsonBuilder","|","true","true","54.84191","0","0"
"com.google.gson.GsonBuilder","| gin.edit.modifynode.BinaryOperatorReplacement  ./gson/src/main/java/com/google/gson/GsonBuilder.java:1050 PLUS -> DIVIDE | gin.edit.modifynode.BinaryOperatorReplacement  ./gson/src/main/java/com/google/gson/GsonBuilder.java:1050 PLUS -> UNSIGNED_RIGHT_SHIFT |","true","false","35.713547","76","0"
"com.google.gson.GsonBuilder","| gin.edit.modifynode.BinaryOperatorReplacement  ./gson/src/main/java/com/google/gson/GsonBuilder.java:1049 PLUS -> LEFT_SHIFT |","true","true","52.49268","0","0"
"com.google.gson.GsonBuilder","| gin.edit.modifynode.BinaryOperatorReplacement  ./gson/src/main/java/com/google/gson/GsonBuilder.java:1049 PLUS -> LEFT_SHIFT |","true","true","53.557594","0","0"
"com.google.gson.GsonBuilder","| gin.edit.modifynode.BinaryOperatorReplacement  ./gson/src/main/java/com/google/gson/GsonBuilder.java:1049 PLUS -> SIGNED_RIGHT_SHIFT | gin.edit.modifynode.BinaryOperatorReplacement  ./gson/src/main/java/com/google/gson/GsonBuilder.java:1050 PLUS -> DIVIDE |","true","true","70.663055","0","0"
"com.google.gson.GsonBuilder","|","true","true","54.640285","0","0"
"com.google.gson.GsonBuilder","| gin.edit.modifynode.BinaryOperatorReplacement  ./gson/src/main/java/com/google/gson/GsonBuilder.java:1049 PLUS -> SIGNED_RIGHT_SHIFT |","true","true","53.921337","0","0"
"com.google.gson.GsonBuilder","|","true","true","53.590282","0","0"
"com.google.gson.GsonBuilder","| gin.edit.modifynode.BinaryOperatorReplacement  ./gson/src/main/java/com/google/gson/GsonBuilder.java:1049 PLUS -> DIVIDE | gin.edit.modifynode.BinaryOperatorReplacement  ./gson/src/main/java/com/google/gson/GsonBuilder.java:1049 PLUS -> DIVIDE |","true","true","56.497776","0","0"
"com.google.gson.GsonBuilder","| gin.edit.modifynode.BinaryOperatorReplacement  ./gson/src/main/java/com/google/gson/GsonBuilder.java:1049 PLUS -> SIGNED_RIGHT_SHIFT | gin.edit.modifynode.BinaryOperatorReplacement  ./gson/src/main/java/com/google/gson/GsonBuilder.java:1050 PLUS -> SIGNED_RIGHT_SHIFT |","true","true","54.409233","0","0"
"com.google.gson.GsonBuilder","| gin.edit.modifynode.BinaryOperatorReplacement  ./gson/src/main/java/com/google/gson/GsonBuilder.java:1049 PLUS -> SIGNED_RIGHT_SHIFT |","true","true","55.15789","0","0"
"com.google.gson.GsonBuilder","| gin.edit.modifynode.BinaryOperatorReplacement  ./gson/src/main/java/com/google/gson/GsonBuilder.java:1049 PLUS -> DIVIDE | gin.edit.modifynode.BinaryOperatorReplacement  ./gson/src/main/java/com/google/gson/GsonBuilder.java:1049 PLUS -> DIVIDE |","true","true","54.460735","0","0"
"com.google.gson.GsonBuilder","| gin.edit.modifynode.BinaryOperatorReplacement  ./gson/src/main/java/com/google/gson/GsonBuilder.java:1049 PLUS -> UNSIGNED_RIGHT_SHIFT |","true","true","56.653805","0","0"
"com.google.gson.GsonBuilder","| gin.edit.modifynode.BinaryOperatorReplacement  ./gson/src/main/java/com/google/gson/GsonBuilder.java:1050 PLUS -> MINUS | gin.edit.modifynode.BinaryOperatorReplacement  ./gson/src/main/java/com/google/gson/GsonBuilder.java:1049 PLUS -> UNSIGNED_RIGHT_SHIFT |","true","true","3783.0088","0","0"
"com.google.gson.GsonBuilder","| gin.edit.modifynode.BinaryOperatorReplacement  ./gson/src/main/java/com/google/gson/GsonBuilder.java:1050 PLUS -> MULTIPLY |","true","true","53.97616","0","0"
"com.google.gson.GsonBuilder","| gin.edit.modifynode.BinaryOperatorReplacement  ./gson/src/main/java/com/google/gson/GsonBuilder.java:1050 PLUS -> MINUS |","true","true","54.093826","0","0"
"com.google.gson.GsonBuilder","| gin.edit.modifynode.BinaryOperatorReplacement  ./gson/src/main/java/com/google/gson/GsonBuilder.java:1050 PLUS -> MINUS | gin.edit.modifynode.BinaryOperatorReplacement  ./gson/src/main/java/com/google/gson/GsonBuilder.java:1050 PLUS -> UNSIGNED_RIGHT_SHIFT |","true","true","51.851456","0","0"
"com.google.gson.GsonBuilder","| gin.edit.modifynode.BinaryOperatorReplacement  ./gson/src/main/java/com/google/gson/GsonBuilder.java:1050 PLUS -> MULTIPLY | gin.edit.modifynode.BinaryOperatorReplacement  ./gson/src/main/java/com/google/gson/GsonBuilder.java:1050 PLUS -> MULTIPLY |","true","true","53.594498","0","0"
"com.google.gson.GsonBuilder","| gin.edit.modifynode.BinaryOperatorReplacement  ./gson/src/main/java/com/google/gson/GsonBuilder.java:1050 PLUS -> MULTIPLY |","true","true","52.635616","0","0"
"com.google.gson.GsonBuilder","| gin.edit.modifynode.BinaryOperatorReplacement  ./gson/src/main/java/com/google/gson/GsonBuilder.java:1050 PLUS -> MINUS | gin.edit.modifynode.BinaryOperatorReplacement  ./gson/src/main/java/com/google/gson/GsonBuilder.java:1049 PLUS -> DIVIDE |","true","true","52.706867","0","0"
"com.google.gson.GsonBuilder","| gin.edit.modifynode.BinaryOperatorReplacement  ./gson/src/main/java/com/google/gson/GsonBuilder.java:1049 PLUS -> SIGNED_RIGHT_SHIFT | gin.edit.modifynode.BinaryOperatorReplacement  ./gson/src/main/java/com/google/gson/GsonBuilder.java:1050 PLUS -> DIVIDE | gin.edit.modifynode.BinaryOperatorReplacement  ./gson/src/main/java/com/google/gson/GsonBuilder.java:1050 PLUS -> MINUS |","true","true","51.606255","0","0"
"com.google.gson.GsonBuilder","| gin.edit.modifynode.BinaryOperatorReplacement  ./gson/src/main/java/com/google/gson/GsonBuilder.java:1050 PLUS -> MINUS | gin.edit.modifynode.BinaryOperatorReplacement  ./gson/src/main/java/com/google/gson/GsonBuilder.java:1049 PLUS -> UNSIGNED_RIGHT_SHIFT |","true","true","3567.6836","0","0"
"com.google.gson.GsonBuilder","| gin.edit.modifynode.BinaryOperatorReplacement  ./gson/src/main/java/com/google/gson/GsonBuilder.java:1050 PLUS -> DIVIDE | gin.edit.modifynode.BinaryOperatorReplacement  ./gson/src/main/java/com/google/gson/GsonBuilder.java:1049 PLUS -> UNSIGNED_RIGHT_SHIFT |","true","false","33.501526","76","0"
"com.google.gson.GsonBuilder","| gin.edit.modifynode.BinaryOperatorReplacement  ./gson/src/main/java/com/google/gson/GsonBuilder.java:1049 PLUS -> UNSIGNED_RIGHT_SHIFT | gin.edit.modifynode.BinaryOperatorReplacement  ./gson/src/main/java/com/google/gson/GsonBuilder.java:1050 PLUS -> DIVIDE |","true","true","50.627415","0","0"
"com.google.gson.GsonBuilder","| gin.edit.modifynode.BinaryOperatorReplacement  ./gson/src/main/java/com/google/gson/GsonBuilder.java:1049 PLUS -> SIGNED_RIGHT_SHIFT | gin.edit.modifynode.BinaryOperatorReplacement  ./gson/src/main/java/com/google/gson/GsonBuilder.java:1050 PLUS -> DIVIDE |","true","true","52.903732","0","0"
"com.google.gson.GsonBuilder","| gin.edit.modifynode.BinaryOperatorReplacement  ./gson/src/main/java/com/google/gson/GsonBuilder.java:1050 PLUS -> MULTIPLY |","true","true","53.591827","0","0"
"com.google.gson.GsonBuilder","| gin.edit.modifynode.BinaryOperatorReplacement  ./gson/src/main/java/com/google/gson/GsonBuilder.java:1050 PLUS -> MULTIPLY | gin.edit.modifynode.BinaryOperatorReplacement  ./gson/src/main/java/com/google/gson/GsonBuilder.java:1050 PLUS -> MULTIPLY |","true","true","53.913113","0","0"
"com.google.gson.GsonBuilder","| gin.edit.modifynode.BinaryOperatorReplacement  ./gson/src/main/java/com/google/gson/GsonBuilder.java:1049 PLUS -> SIGNED_RIGHT_SHIFT | gin.edit.modifynode.BinaryOperatorReplacement  ./gson/src/main/java/com/google/gson/GsonBuilder.java:1050 PLUS -> DIVIDE | gin.edit.modifynode.BinaryOperatorReplacement  ./gson/src/main/java/com/google/gson/GsonBuilder.java:1050 PLUS -> REMAINDER |","true","true","54.131737","0","0"
"com.google.gson.GsonBuilder","| gin.edit.modifynode.BinaryOperatorReplacement  ./gson/src/main/java/com/google/gson/GsonBuilder.java:1049 PLUS -> SIGNED_RIGHT_SHIFT | gin.edit.modifynode.BinaryOperatorReplacement  ./gson/src/main/java/com/google/gson/GsonBuilder.java:1049 PLUS -> REMAINDER |","true","true","54.17484","0","0"
"com.google.gson.GsonBuilder","| gin.edit.modifynode.BinaryOperatorReplacement  ./gson/src/main/java/com/google/gson/GsonBuilder.java:1050 PLUS -> UNSIGNED_RIGHT_SHIFT | gin.edit.modifynode.BinaryOperatorReplacement  ./gson/src/main/java/com/google/gson/GsonBuilder.java:1050 PLUS -> MULTIPLY |","true","true","54.626945","0","0"
"com.google.gson.GsonBuilder","| gin.edit.modifynode.BinaryOperatorReplacement  ./gson/src/main/java/com/google/gson/GsonBuilder.java:1050 PLUS -> MINUS | gin.edit.modifynode.BinaryOperatorReplacement  ./gson/src/main/java/com/google/gson/GsonBuilder.java:1050 PLUS -> MULTIPLY |","true","true","56.00546","0","0"
"com.google.gson.GsonBuilder","| gin.edit.modifynode.BinaryOperatorReplacement  ./gson/src/main/java/com/google/gson/GsonBuilder.java:1050 PLUS -> MINUS |","true","true","58.021336","0","0"
"com.google.gson.GsonBuilder","| gin.edit.modifynode.BinaryOperatorReplacement  ./gson/src/main/java/com/google/gson/GsonBuilder.java:1050 PLUS -> MULTIPLY | gin.edit.modifynode.BinaryOperatorReplacement  ./gson/src/main/java/com/google/gson/GsonBuilder.java:1050 PLUS -> SIGNED_RIGHT_SHIFT |","true","true","57.09125","0","0"
"com.google.gson.GsonBuilder","| gin.edit.modifynode.BinaryOperatorReplacement  ./gson/src/main/java/com/google/gson/GsonBuilder.java:1049 PLUS -> SIGNED_RIGHT_SHIFT | gin.edit.modifynode.BinaryOperatorReplacement  ./gson/src/main/java/com/google/gson/GsonBuilder.java:1049 PLUS -> SIGNED_RIGHT_SHIFT |","true","true","62.349865","0","0"
"com.google.gson.GsonBuilder","| gin.edit.modifynode.BinaryOperatorReplacement  ./gson/src/main/java/com/google/gson/GsonBuilder.java:1050 PLUS -> MULTIPLY |","true","true","55.920193","0","0"
"com.google.gson.GsonBuilder","| gin.edit.modifynode.BinaryOperatorReplacement  ./gson/src/main/java/com/google/gson/GsonBuilder.java:1050 PLUS -> MULTIPLY | gin.edit.modifynode.BinaryOperatorReplacement  ./gson/src/main/java/com/google/gson/GsonBuilder.java:1050 PLUS -> LEFT_SHIFT |","true","true","55.496708","0","0"
"com.google.gson.GsonBuilder","| gin.edit.modifynode.BinaryOperatorReplacement  ./gson/src/main/java/com/google/gson/GsonBuilder.java:1049 PLUS -> SIGNED_RIGHT_SHIFT |","true","true","55.997528","0","0"
"com.google.gson.GsonBuilder","| gin.edit.modifynode.BinaryOperatorReplacement  ./gson/src/main/java/com/google/gson/GsonBuilder.java:1049 PLUS -> DIVIDE | gin.edit.modifynode.BinaryOperatorReplacement  ./gson/src/main/java/com/google/gson/GsonBuilder.java:1049 PLUS -> DIVIDE |","true","true","58.600574","0","0"
"com.google.gson.GsonBuilder","| gin.edit.modifynode.BinaryOperatorReplacement  ./gson/src/main/java/com/google/gson/GsonBuilder.java:1049 PLUS -> SIGNED_RIGHT_SHIFT | gin.edit.modifynode.BinaryOperatorReplacement  ./gson/src/main/java/com/google/gson/GsonBuilder.java:1050 PLUS -> LEFT_SHIFT |","true","true","58.08959","0","0"
"com.google.gson.GsonBuilder","| gin.edit.modifynode.BinaryOperatorReplacement  ./gson/src/main/java/com/google/gson/GsonBuilder.java:1049 PLUS -> SIGNED_RIGHT_SHIFT |","true","true","60.10161","0","0"
"com.google.gson.GsonBuilder","| gin.edit.modifynode.BinaryOperatorReplacement  ./gson/src/main/java/com/google/gson/GsonBuilder.java:1049 PLUS -> DIVIDE | gin.edit.modifynode.BinaryOperatorReplacement  ./gson/src/main/java/com/google/gson/GsonBuilder.java:1049 PLUS -> DIVIDE |","true","true","55.947956","0","0"
"com.google.gson.GsonBuilder","| gin.edit.modifynode.BinaryOperatorReplacement  ./gson/src/main/java/com/google/gson/GsonBuilder.java:1049 PLUS -> UNSIGNED_RIGHT_SHIFT | gin.edit.modifynode.BinaryOperatorReplacement  ./gson/src/main/java/com/google/gson/GsonBuilder.java:1050 PLUS -> DIVIDE | gin.edit.modifynode.BinaryOperatorReplacement  ./gson/src/main/java/com/google/gson/GsonBuilder.java:1049 PLUS -> DIVIDE |","true","true","58.027153","0","0"
"com.google.gson.GsonBuilder","| gin.edit.modifynode.BinaryOperatorReplacement  ./gson/src/main/java/com/google/gson/GsonBuilder.java:1050 PLUS -> MINUS | gin.edit.modifynode.BinaryOperatorReplacement  ./gson/src/main/java/com/google/gson/GsonBuilder.java:1049 PLUS -> UNSIGNED_RIGHT_SHIFT | gin.edit.modifynode.BinaryOperatorReplacement  ./gson/src/main/java/com/google/gson/GsonBuilder.java:1049 PLUS -> DIVIDE |","true","true","3478.129","0","0"
"com.google.gson.GsonBuilder","| gin.edit.modifynode.BinaryOperatorReplacement  ./gson/src/main/java/com/google/gson/GsonBuilder.java:1050 PLUS -> MINUS | gin.edit.modifynode.BinaryOperatorReplacement  ./gson/src/main/java/com/google/gson/GsonBuilder.java:1049 PLUS -> UNSIGNED_RIGHT_SHIFT | gin.edit.modifynode.BinaryOperatorReplacement  ./gson/src/main/java/com/google/gson/GsonBuilder.java:1049 PLUS -> MULTIPLY |","true","true","3328.8796","0","0"
"com.google.gson.GsonBuilder","| gin.edit.modifynode.BinaryOperatorReplacement  ./gson/src/main/java/com/google/gson/GsonBuilder.java:1049 PLUS -> UNSIGNED_RIGHT_SHIFT | gin.edit.modifynode.BinaryOperatorReplacement  ./gson/src/main/java/com/google/gson/GsonBuilder.java:1050 PLUS -> DIVIDE |","true","true","51.079002","0","0"
"com.google.gson.GsonBuilder","| gin.edit.modifynode.BinaryOperatorReplacement  ./gson/src/main/java/com/google/gson/GsonBuilder.java:1049 PLUS -> UNSIGNED_RIGHT_SHIFT | gin.edit.modifynode.BinaryOperatorReplacement  ./gson/src/main/java/com/google/gson/GsonBuilder.java:1050 PLUS -> MINUS |","true","true","51.23288","0","0"
"com.google.gson.GsonBuilder","| gin.edit.modifynode.BinaryOperatorReplacement  ./gson/src/main/java/com/google/gson/GsonBuilder.java:1050 PLUS -> UNSIGNED_RIGHT_SHIFT | gin.edit.modifynode.BinaryOperatorReplacement  ./gson/src/main/java/com/google/gson/GsonBuilder.java:1050 PLUS -> MINUS | gin.edit.modifynode.BinaryOperatorReplacement  ./gson/src/main/java/com/google/gson/GsonBuilder.java:1049 PLUS -> MINUS |","true","true","50.743767","0","0"
"com.google.gson.GsonBuilder","| gin.edit.modifynode.BinaryOperatorReplacement  ./gson/src/main/java/com/google/gson/GsonBuilder.java:1050 PLUS -> UNSIGNED_RIGHT_SHIFT | gin.edit.modifynode.BinaryOperatorReplacement  ./gson/src/main/java/com/google/gson/GsonBuilder.java:1050 PLUS -> MINUS | gin.edit.modifynode.BinaryOperatorReplacement  ./gson/src/main/java/com/google/gson/GsonBuilder.java:1049 PLUS -> REMAINDER |","true","true","59.27884","0","0"
"com.google.gson.GsonBuilder","| gin.edit.modifynode.BinaryOperatorReplacement  ./gson/src/main/java/com/google/gson/GsonBuilder.java:1049 PLUS -> UNSIGNED_RIGHT_SHIFT | gin.edit.modifynode.BinaryOperatorReplacement  ./gson/src/main/java/com/google/gson/GsonBuilder.java:1050 PLUS -> MINUS |","true","true","58.16784","0","0"
"com.google.gson.GsonBuilder","| gin.edit.modifynode.BinaryOperatorReplacement  ./gson/src/main/java/com/google/gson/GsonBuilder.java:1049 PLUS -> DIVIDE | gin.edit.modifynode.BinaryOperatorReplacement  ./gson/src/main/java/com/google/gson/GsonBuilder.java:1049 PLUS -> DIVIDE |","true","true","57.583065","0","0"
"com.google.gson.GsonBuilder","| gin.edit.modifynode.BinaryOperatorReplacement  ./gson/src/main/java/com/google/gson/GsonBuilder.java:1049 PLUS -> DIVIDE | gin.edit.modifynode.BinaryOperatorReplacement  ./gson/src/main/java/com/google/gson/GsonBuilder.java:1049 PLUS -> DIVIDE |","true","true","58.466095","0","0"
"com.google.gson.GsonBuilder","| gin.edit.modifynode.BinaryOperatorReplacement  ./gson/src/main/java/com/google/gson/GsonBuilder.java:1049 PLUS -> UNSIGNED_RIGHT_SHIFT | gin.edit.modifynode.BinaryOperatorReplacement  ./gson/src/main/java/com/google/gson/GsonBuilder.java:1050 PLUS -> MINUS | gin.edit.modifynode.BinaryOperatorReplacement  ./gson/src/main/java/com/google/gson/GsonBuilder.java:1049 PLUS -> MULTIPLY | gin.edit.modifynode.BinaryOperatorReplacement  ./gson/src/main/java/com/google/gson/GsonBuilder.java:1050 PLUS -> MINUS |","true","true","57.262196","0","0"
"com.google.gson.GsonBuilder","| gin.edit.modifynode.BinaryOperatorReplacement  ./gson/src/main/java/com/google/gson/GsonBuilder.java:1049 PLUS -> DIVIDE | gin.edit.modifynode.BinaryOperatorReplacement  ./gson/src/main/java/com/google/gson/GsonBuilder.java:1050 PLUS -> MINUS | gin.edit.modifynode.BinaryOperatorReplacement  ./gson/src/main/java/com/google/gson/GsonBuilder.java:1049 PLUS -> MULTIPLY |","true","true","56.646763","0","0"
"com.google.gson.GsonBuilder","| gin.edit.modifynode.BinaryOperatorReplacement  ./gson/src/main/java/com/google/gson/GsonBuilder.java:1050 PLUS -> MINUS | gin.edit.modifynode.BinaryOperatorReplacement  ./gson/src/main/java/com/google/gson/GsonBuilder.java:1049 PLUS -> DIVIDE |","true","true","57.28348","0","0"
"com.google.gson.GsonBuilder","| gin.edit.modifynode.BinaryOperatorReplacement  ./gson/src/main/java/com/google/gson/GsonBuilder.java:1050 PLUS -> MULTIPLY | gin.edit.modifynode.BinaryOperatorReplacement  ./gson/src/main/java/com/google/gson/GsonBuilder.java:1050 PLUS -> LEFT_SHIFT | gin.edit.modifynode.BinaryOperatorReplacement  ./gson/src/main/java/com/google/gson/GsonBuilder.java:1050 PLUS -> DIVIDE |","true","true","58.401352","0","0"
"com.google.gson.GsonBuilder","| gin.edit.modifynode.BinaryOperatorReplacement  ./gson/src/main/java/com/google/gson/GsonBuilder.java:1050 PLUS -> MULTIPLY | gin.edit.modifynode.BinaryOperatorReplacement  ./gson/src/main/java/com/google/gson/GsonBuilder.java:1049 PLUS -> REMAINDER |","true","true","57.897663","0","0"
"com.google.gson.GsonBuilder","| gin.edit.modifynode.BinaryOperatorReplacement  ./gson/src/main/java/com/google/gson/GsonBuilder.java:1050 PLUS -> MULTIPLY | gin.edit.modifynode.BinaryOperatorReplacement  ./gson/src/main/java/com/google/gson/GsonBuilder.java:1049 PLUS -> DIVIDE |","true","true","57.423275","0","0"
"com.google.gson.GsonBuilder","| gin.edit.modifynode.BinaryOperatorReplacement  ./gson/src/main/java/com/google/gson/GsonBuilder.java:1050 PLUS -> MULTIPLY | gin.edit.modifynode.BinaryOperatorReplacement  ./gson/src/main/java/com/google/gson/GsonBuilder.java:1050 PLUS -> LEFT_SHIFT | gin.edit.modifynode.BinaryOperatorReplacement  ./gson/src/main/java/com/google/gson/GsonBuilder.java:1049 PLUS -> MULTIPLY |","true","true","61.551952","0","0"
"com.google.gson.GsonBuilder","| gin.edit.modifynode.BinaryOperatorReplacement  ./gson/src/main/java/com/google/gson/GsonBuilder.java:1050 PLUS -> MULTIPLY | gin.edit.modifynode.BinaryOperatorReplacement  ./gson/src/main/java/com/google/gson/GsonBuilder.java:1050 PLUS -> LEFT_SHIFT |","true","true","61.118114","0","0"
"com.google.gson.GsonBuilder","| gin.edit.modifynode.BinaryOperatorReplacement  ./gson/src/main/java/com/google/gson/GsonBuilder.java:1049 PLUS -> UNSIGNED_RIGHT_SHIFT | gin.edit.modifynode.BinaryOperatorReplacement  ./gson/src/main/java/com/google/gson/GsonBuilder.java:1050 PLUS -> DIVIDE |","true","true","59.424446","0","0"
"com.google.gson.GsonBuilder","| gin.edit.modifynode.BinaryOperatorReplacement  ./gson/src/main/java/com/google/gson/GsonBuilder.java:1049 PLUS -> UNSIGNED_RIGHT_SHIFT | gin.edit.modifynode.BinaryOperatorReplacement  ./gson/src/main/java/com/google/gson/GsonBuilder.java:1050 PLUS -> DIVIDE | gin.edit.modifynode.BinaryOperatorReplacement  ./gson/src/main/java/com/google/gson/GsonBuilder.java:1049 PLUS -> REMAINDER |","true","true","61.333626","0","0"
"com.google.gson.GsonBuilder","| gin.edit.modifynode.BinaryOperatorReplacement  ./gson/src/main/java/com/google/gson/GsonBuilder.java:1050 PLUS -> MULTIPLY | gin.edit.modifynode.BinaryOperatorReplacement  ./gson/src/main/java/com/google/gson/GsonBuilder.java:1050 PLUS -> LEFT_SHIFT | gin.edit.modifynode.BinaryOperatorReplacement  ./gson/src/main/java/com/google/gson/GsonBuilder.java:1050 PLUS -> DIVIDE |","true","true","63.8896","0","0"
"com.google.gson.GsonBuilder","| gin.edit.modifynode.BinaryOperatorReplacement  ./gson/src/main/java/com/google/gson/GsonBuilder.java:1049 PLUS -> SIGNED_RIGHT_SHIFT | gin.edit.modifynode.BinaryOperatorReplacement  ./gson/src/main/java/com/google/gson/GsonBuilder.java:1049 PLUS -> SIGNED_RIGHT_SHIFT | gin.edit.modifynode.BinaryOperatorReplacement  ./gson/src/main/java/com/google/gson/GsonBuilder.java:1050 PLUS -> REMAINDER |","true","true","58.5629","0","0"
"com.google.gson.GsonBuilder","| gin.edit.modifynode.BinaryOperatorReplacement  ./gson/src/main/java/com/google/gson/GsonBuilder.java:1050 PLUS -> DIVIDE | gin.edit.modifynode.BinaryOperatorReplacement  ./gson/src/main/java/com/google/gson/GsonBuilder.java:1049 PLUS -> UNSIGNED_RIGHT_SHIFT | gin.edit.modifynode.BinaryOperatorReplacement  ./gson/src/main/java/com/google/gson/GsonBuilder.java:1050 PLUS -> LEFT_SHIFT |","true","false","39.140125","76","0"
"com.google.gson.GsonBuilder","| gin.edit.modifynode.BinaryOperatorReplacement  ./gson/src/main/java/com/google/gson/GsonBuilder.java:1050 PLUS -> DIVIDE | gin.edit.modifynode.BinaryOperatorReplacement  ./gson/src/main/java/com/google/gson/GsonBuilder.java:1049 PLUS -> UNSIGNED_RIGHT_SHIFT | gin.edit.modifynode.BinaryOperatorReplacement  ./gson/src/main/java/com/google/gson/GsonBuilder.java:1050 PLUS -> DIVIDE |","true","false","38.60531","76","0"
"com.google.gson.GsonBuilder","| gin.edit.modifynode.BinaryOperatorReplacement  ./gson/src/main/java/com/google/gson/GsonBuilder.java:1049 PLUS -> SIGNED_RIGHT_SHIFT | gin.edit.modifynode.BinaryOperatorReplacement  ./gson/src/main/java/com/google/gson/GsonBuilder.java:1049 PLUS -> SIGNED_RIGHT_SHIFT |","true","true","60.356133","0","0"
"com.google.gson.GsonBuilder","| gin.edit.modifynode.BinaryOperatorReplacement  ./gson/src/main/java/com/google/gson/GsonBuilder.java:1049 PLUS -> UNSIGNED_RIGHT_SHIFT | gin.edit.modifynode.BinaryOperatorReplacement  ./gson/src/main/java/com/google/gson/GsonBuilder.java:1050 PLUS -> DIVIDE | gin.edit.modifynode.BinaryOperatorReplacement  ./gson/src/main/java/com/google/gson/GsonBuilder.java:1049 PLUS -> DIVIDE | gin.edit.modifynode.BinaryOperatorReplacement  ./gson/src/main/java/com/google/gson/GsonBuilder.java:1049 PLUS -> REMAINDER |","true","true","61.57523","0","0"
"com.google.gson.GsonBuilder","| gin.edit.modifynode.BinaryOperatorReplacement  ./gson/src/main/java/com/google/gson/GsonBuilder.java:1050 PLUS -> MINUS | gin.edit.modifynode.BinaryOperatorReplacement  ./gson/src/main/java/com/google/gson/GsonBuilder.java:1050 PLUS -> MULTIPLY |","true","true","64.45483","0","0"
"com.google.gson.GsonBuilder","| gin.edit.modifynode.BinaryOperatorReplacement  ./gson/src/main/java/com/google/gson/GsonBuilder.java:1050 PLUS -> DIVIDE | gin.edit.modifynode.BinaryOperatorReplacement  ./gson/src/main/java/com/google/gson/GsonBuilder.java:1050 PLUS -> MULTIPLY |","true","false","41.21668","76","0"
"com.google.gson.GsonBuilder","| gin.edit.modifynode.BinaryOperatorReplacement  ./gson/src/main/java/com/google/gson/GsonBuilder.java:1050 PLUS -> MULTIPLY | gin.edit.modifynode.BinaryOperatorReplacement  ./gson/src/main/java/com/google/gson/GsonBuilder.java:1050 PLUS -> DIVIDE | gin.edit.modifynode.BinaryOperatorReplacement  ./gson/src/main/java/com/google/gson/GsonBuilder.java:1049 PLUS -> DIVIDE |","true","true","59.771496","0","0"
"com.google.gson.GsonBuilder","| gin.edit.modifynode.BinaryOperatorReplacement  ./gson/src/main/java/com/google/gson/GsonBuilder.java:1049 PLUS -> SIGNED_RIGHT_SHIFT | gin.edit.modifynode.BinaryOperatorReplacement  ./gson/src/main/java/com/google/gson/GsonBuilder.java:1049 PLUS -> SIGNED_RIGHT_SHIFT |","true","true","60.028908","0","0"
"com.google.gson.GsonBuilder","| gin.edit.modifynode.BinaryOperatorReplacement  ./gson/src/main/java/com/google/gson/GsonBuilder.java:1050 PLUS -> MULTIPLY | gin.edit.modifynode.BinaryOperatorReplacement  ./gson/src/main/java/com/google/gson/GsonBuilder.java:1050 PLUS -> LEFT_SHIFT | gin.edit.modifynode.BinaryOperatorReplacement  ./gson/src/main/java/com/google/gson/GsonBuilder.java:1050 PLUS -> DIVIDE |","true","true","64.629456","0","0"
"com.google.gson.GsonBuilder","| gin.edit.modifynode.BinaryOperatorReplacement  ./gson/src/main/java/com/google/gson/GsonBuilder.java:1050 PLUS -> MINUS | gin.edit.modifynode.BinaryOperatorReplacement  ./gson/src/main/java/com/google/gson/GsonBuilder.java:1049 PLUS -> DIVIDE |","true","true","56.52777","0","0"
"com.google.gson.GsonBuilder","| gin.edit.modifynode.BinaryOperatorReplacement  ./gson/src/main/java/com/google/gson/GsonBuilder.java:1050 PLUS -> LEFT_SHIFT | gin.edit.modifynode.BinaryOperatorReplacement  ./gson/src/main/java/com/google/gson/GsonBuilder.java:1049 PLUS -> DIVIDE | gin.edit.modifynode.BinaryOperatorReplacement  ./gson/src/main/java/com/google/gson/GsonBuilder.java:1049 PLUS -> UNSIGNED_RIGHT_SHIFT |","true","true","66.791145","0","0"
"com.google.gson.GsonBuilder","| gin.edit.modifynode.BinaryOperatorReplacement  ./gson/src/main/java/com/google/gson/GsonBuilder.java:1049 PLUS -> DIVIDE | gin.edit.modifynode.BinaryOperatorReplacement  ./gson/src/main/java/com/google/gson/GsonBuilder.java:1050 PLUS -> LEFT_SHIFT | gin.edit.modifynode.BinaryOperatorReplacement  ./gson/src/main/java/com/google/gson/GsonBuilder.java:1050 PLUS -> DIVIDE |","true","true","70.147964","0","0"
"com.google.gson.GsonBuilder","| gin.edit.modifynode.BinaryOperatorReplacement  ./gson/src/main/java/com/google/gson/GsonBuilder.java:1049 PLUS -> DIVIDE | gin.edit.modifynode.BinaryOperatorReplacement  ./gson/src/main/java/com/google/gson/GsonBuilder.java:1049 PLUS -> DIVIDE | gin.edit.modifynode.BinaryOperatorReplacement  ./gson/src/main/java/com/google/gson/GsonBuilder.java:1049 PLUS -> DIVIDE |","true","true","59.89895","0","0"
"com.google.gson.GsonBuilder","| gin.edit.modifynode.BinaryOperatorReplacement  ./gson/src/main/java/com/google/gson/GsonBuilder.java:1050 PLUS -> MULTIPLY | gin.edit.modifynode.BinaryOperatorReplacement  ./gson/src/main/java/com/google/gson/GsonBuilder.java:1050 PLUS -> LEFT_SHIFT | gin.edit.modifynode.BinaryOperatorReplacement  ./gson/src/main/java/com/google/gson/GsonBuilder.java:1050 PLUS -> DIVIDE | gin.edit.modifynode.BinaryOperatorReplacement  ./gson/src/main/java/com/google/gson/GsonBuilder.java:1049 PLUS -> UNSIGNED_RIGHT_SHIFT |","true","true","60.12596","0","0"
"com.google.gson.GsonBuilder","| gin.edit.modifynode.BinaryOperatorReplacement  ./gson/src/main/java/com/google/gson/GsonBuilder.java:1050 PLUS -> MULTIPLY | gin.edit.modifynode.BinaryOperatorReplacement  ./gson/src/main/java/com/google/gson/GsonBuilder.java:1050 PLUS -> LEFT_SHIFT | gin.edit.modifynode.BinaryOperatorReplacement  ./gson/src/main/java/com/google/gson/GsonBuilder.java:1050 PLUS -> DIVIDE |","true","true","64.01863","0","0"
"com.google.gson.GsonBuilder","| gin.edit.modifynode.BinaryOperatorReplacement  ./gson/src/main/java/com/google/gson/GsonBuilder.java:1049 PLUS -> DIVIDE | gin.edit.modifynode.BinaryOperatorReplacement  ./gson/src/main/java/com/google/gson/GsonBuilder.java:1049 PLUS -> DIVIDE |","true","true","61.89153","0","0"
"com.google.gson.GsonBuilder","| gin.edit.modifynode.BinaryOperatorReplacement  ./gson/src/main/java/com/google/gson/GsonBuilder.java:1049 PLUS -> UNSIGNED_RIGHT_SHIFT | gin.edit.modifynode.BinaryOperatorReplacement  ./gson/src/main/java/com/google/gson/GsonBuilder.java:1050 PLUS -> DIVIDE |","true","true","60.726566","0","0"
"com.google.gson.GsonBuilder","| gin.edit.modifynode.BinaryOperatorReplacement  ./gson/src/main/java/com/google/gson/GsonBuilder.java:1050 PLUS -> MINUS | gin.edit.modifynode.BinaryOperatorReplacement  ./gson/src/main/java/com/google/gson/GsonBuilder.java:1050 PLUS -> MULTIPLY |","true","true","64.28017","0","0"
"com.google.gson.GsonBuilder","| gin.edit.modifynode.BinaryOperatorReplacement  ./gson/src/main/java/com/google/gson/GsonBuilder.java:1050 PLUS -> DIVIDE | gin.edit.modifynode.BinaryOperatorReplacement  ./gson/src/main/java/com/google/gson/GsonBuilder.java:1050 PLUS -> MULTIPLY | gin.edit.modifynode.BinaryOperatorReplacement  ./gson/src/main/java/com/google/gson/GsonBuilder.java:1050 PLUS -> LEFT_SHIFT |","true","false","40.455334","76","0"
"com.google.gson.GsonBuilder","| gin.edit.modifynode.BinaryOperatorReplacement  ./gson/src/main/java/com/google/gson/GsonBuilder.java:1050 PLUS -> MULTIPLY | gin.edit.modifynode.BinaryOperatorReplacement  ./gson/src/main/java/com/google/gson/GsonBuilder.java:1050 PLUS -> DIVIDE |","true","true","61.046963","0","0"
"com.google.gson.GsonBuilder","| gin.edit.modifynode.BinaryOperatorReplacement  ./gson/src/main/java/com/google/gson/GsonBuilder.java:1050 PLUS -> LEFT_SHIFT | gin.edit.modifynode.BinaryOperatorReplacement  ./gson/src/main/java/com/google/gson/GsonBuilder.java:1050 PLUS -> MULTIPLY | gin.edit.modifynode.BinaryOperatorReplacement  ./gson/src/main/java/com/google/gson/GsonBuilder.java:1050 PLUS -> DIVIDE | gin.edit.modifynode.BinaryOperatorReplacement  ./gson/src/main/java/com/google/gson/GsonBuilder.java:1049 PLUS -> MINUS |","true","false","38742.414","6","0"
"com.google.gson.GsonBuilder","| gin.edit.modifynode.BinaryOperatorReplacement  ./gson/src/main/java/com/google/gson/GsonBuilder.java:1049 PLUS -> DIVIDE | gin.edit.modifynode.BinaryOperatorReplacement  ./gson/src/main/java/com/google/gson/GsonBuilder.java:1050 PLUS -> MULTIPLY | gin.edit.modifynode.BinaryOperatorReplacement  ./gson/src/main/java/com/google/gson/GsonBuilder.java:1050 PLUS -> LEFT_SHIFT |","true","true","55.84635","0","0"
"com.google.gson.GsonBuilder","| gin.edit.modifynode.BinaryOperatorReplacement  ./gson/src/main/java/com/google/gson/GsonBuilder.java:1050 PLUS -> MULTIPLY | gin.edit.modifynode.BinaryOperatorReplacement  ./gson/src/main/java/com/google/gson/GsonBuilder.java:1050 PLUS -> MULTIPLY |","true","true","62.474545","0","0"
"com.google.gson.GsonBuilder","| gin.edit.modifynode.BinaryOperatorReplacement  ./gson/src/main/java/com/google/gson/GsonBuilder.java:1050 PLUS -> MULTIPLY | gin.edit.modifynode.BinaryOperatorReplacement  ./gson/src/main/java/com/google/gson/GsonBuilder.java:1050 PLUS -> MULTIPLY | gin.edit.modifynode.BinaryOperatorReplacement  ./gson/src/main/java/com/google/gson/GsonBuilder.java:1050 PLUS -> DIVIDE | gin.edit.modifynode.BinaryOperatorReplacement  ./gson/src/main/java/com/google/gson/GsonBuilder.java:1049 PLUS -> MINUS |","true","false","31.22966","78","0"
"com.google.gson.GsonBuilder","| gin.edit.modifynode.BinaryOperatorReplacement  ./gson/src/main/java/com/google/gson/GsonBuilder.java:1049 PLUS -> SIGNED_RIGHT_SHIFT | gin.edit.modifynode.BinaryOperatorReplacement  ./gson/src/main/java/com/google/gson/GsonBuilder.java:1049 PLUS -> SIGNED_RIGHT_SHIFT |","true","true","62.27868","0","0"
"com.google.gson.GsonBuilder","| gin.edit.modifynode.BinaryOperatorReplacement  ./gson/src/main/java/com/google/gson/GsonBuilder.java:1050 PLUS -> MULTIPLY | gin.edit.modifynode.BinaryOperatorReplacement  ./gson/src/main/java/com/google/gson/GsonBuilder.java:1050 PLUS -> DIVIDE | gin.edit.modifynode.BinaryOperatorReplacement  ./gson/src/main/java/com/google/gson/GsonBuilder.java:1049 PLUS -> DIVIDE | gin.edit.modifynode.BinaryOperatorReplacement  ./gson/src/main/java/com/google/gson/GsonBuilder.java:1050 PLUS -> MINUS |","true","true","59.70564","0","0"
"com.google.gson.GsonBuilder","| gin.edit.modifynode.BinaryOperatorReplacement  ./gson/src/main/java/com/google/gson/GsonBuilder.java:1049 PLUS -> SIGNED_RIGHT_SHIFT | gin.edit.modifynode.BinaryOperatorReplacement  ./gson/src/main/java/com/google/gson/GsonBuilder.java:1049 PLUS -> DIVIDE | gin.edit.modifynode.BinaryOperatorReplacement  ./gson/src/main/java/com/google/gson/GsonBuilder.java:1050 PLUS -> DIVIDE | gin.edit.modifynode.BinaryOperatorReplacement  ./gson/src/main/java/com/google/gson/GsonBuilder.java:1049 PLUS -> DIVIDE |","true","true","60.052338","0","0"
"com.google.gson.GsonBuilder","| gin.edit.modifynode.BinaryOperatorReplacement  ./gson/src/main/java/com/google/gson/GsonBuilder.java:1050 PLUS -> DIVIDE | gin.edit.modifynode.BinaryOperatorReplacement  ./gson/src/main/java/com/google/gson/GsonBuilder.java:1049 PLUS -> SIGNED_RIGHT_SHIFT |","true","false","38.72716","76","0"
"com.google.gson.GsonBuilder","| gin.edit.modifynode.BinaryOperatorReplacement  ./gson/src/main/java/com/google/gson/GsonBuilder.java:1049 PLUS -> DIVIDE | gin.edit.modifynode.BinaryOperatorReplacement  ./gson/src/main/java/com/google/gson/GsonBuilder.java:1049 PLUS -> DIVIDE |","true","true","63.017597","0","0"
"com.google.gson.GsonBuilder","| gin.edit.modifynode.BinaryOperatorReplacement  ./gson/src/main/java/com/google/gson/GsonBuilder.java:1050 PLUS -> MINUS | gin.edit.modifynode.BinaryOperatorReplacement  ./gson/src/main/java/com/google/gson/GsonBuilder.java:1049 PLUS -> DIVIDE | gin.edit.modifynode.BinaryOperatorReplacement  ./gson/src/main/java/com/google/gson/GsonBuilder.java:1050 PLUS -> MINUS |","true","true","54.44106","0","0"
"com.google.gson.GsonBuilder","| gin.edit.modifynode.BinaryOperatorReplacement  ./gson/src/main/java/com/google/gson/GsonBuilder.java:1049 PLUS -> UNSIGNED_RIGHT_SHIFT | gin.edit.modifynode.BinaryOperatorReplacement  ./gson/src/main/java/com/google/gson/GsonBuilder.java:1050 PLUS -> DIVIDE |","true","true","57.439728","0","0"
"com.google.gson.GsonBuilder","| gin.edit.modifynode.BinaryOperatorReplacement  ./gson/src/main/java/com/google/gson/GsonBuilder.java:1049 PLUS -> UNSIGNED_RIGHT_SHIFT | gin.edit.modifynode.BinaryOperatorReplacement  ./gson/src/main/java/com/google/gson/GsonBuilder.java:1050 PLUS -> DIVIDE |","true","true","62.873623","0","0"
"com.google.gson.GsonBuilder","| gin.edit.modifynode.BinaryOperatorReplacement  ./gson/src/main/java/com/google/gson/GsonBuilder.java:1050 PLUS -> MINUS | gin.edit.modifynode.BinaryOperatorReplacement  ./gson/src/main/java/com/google/gson/GsonBuilder.java:1049 PLUS -> DIVIDE | gin.edit.modifynode.BinaryOperatorReplacement  ./gson/src/main/java/com/google/gson/GsonBuilder.java:1050 PLUS -> SIGNED_RIGHT_SHIFT |","true","true","58.873207","0","0"
"com.google.gson.GsonBuilder","| gin.edit.modifynode.BinaryOperatorReplacement  ./gson/src/main/java/com/google/gson/GsonBuilder.java:1050 PLUS -> DIVIDE | gin.edit.modifynode.BinaryOperatorReplacement  ./gson/src/main/java/com/google/gson/GsonBuilder.java:1049 PLUS -> UNSIGNED_RIGHT_SHIFT | gin.edit.modifynode.BinaryOperatorReplacement  ./gson/src/main/java/com/google/gson/GsonBuilder.java:1049 PLUS -> LEFT_SHIFT |","true","false","39.07631","76","0"
"com.google.gson.GsonBuilder","| gin.edit.modifynode.BinaryOperatorReplacement  ./gson/src/main/java/com/google/gson/GsonBuilder.java:1049 PLUS -> DIVIDE | gin.edit.modifynode.BinaryOperatorReplacement  ./gson/src/main/java/com/google/gson/GsonBuilder.java:1049 PLUS -> DIVIDE |","true","true","62.94612","0","0"
"com.google.gson.GsonBuilder","| gin.edit.modifynode.BinaryOperatorReplacement  ./gson/src/main/java/com/google/gson/GsonBuilder.java:1050 PLUS -> MINUS | gin.edit.modifynode.BinaryOperatorReplacement  ./gson/src/main/java/com/google/gson/GsonBuilder.java:1049 PLUS -> DIVIDE | gin.edit.modifynode.BinaryOperatorReplacement  ./gson/src/main/java/com/google/gson/GsonBuilder.java:1049 PLUS -> DIVIDE |","true","true","62.679913","0","0"
"com.google.gson.GsonBuilder","| gin.edit.modifynode.BinaryOperatorReplacement  ./gson/src/main/java/com/google/gson/GsonBuilder.java:1050 PLUS -> DIVIDE | gin.edit.modifynode.BinaryOperatorReplacement  ./gson/src/main/java/com/google/gson/GsonBuilder.java:1049 PLUS -> UNSIGNED_RIGHT_SHIFT | gin.edit.modifynode.BinaryOperatorReplacement  ./gson/src/main/java/com/google/gson/GsonBuilder.java:1050 PLUS -> DIVIDE |","true","false","38.13562","76","0"
"com.google.gson.GsonBuilder","| gin.edit.modifynode.BinaryOperatorReplacement  ./gson/src/main/java/com/google/gson/GsonBuilder.java:1049 PLUS -> SIGNED_RIGHT_SHIFT | gin.edit.modifynode.BinaryOperatorReplacement  ./gson/src/main/java/com/google/gson/GsonBuilder.java:1049 PLUS -> SIGNED_RIGHT_SHIFT |","true","true","61.023296","0","0"
"com.google.gson.GsonBuilder","| gin.edit.modifynode.BinaryOperatorReplacement  ./gson/src/main/java/com/google/gson/GsonBuilder.java:1050 PLUS -> MULTIPLY | gin.edit.modifynode.BinaryOperatorReplacement  ./gson/src/main/java/com/google/gson/GsonBuilder.java:1050 PLUS -> DIVIDE |","true","true","62.309994","0","0"
"com.google.gson.GsonBuilder","| gin.edit.modifynode.BinaryOperatorReplacement  ./gson/src/main/java/com/google/gson/GsonBuilder.java:1049 PLUS -> SIGNED_RIGHT_SHIFT | gin.edit.modifynode.BinaryOperatorReplacement  ./gson/src/main/java/com/google/gson/GsonBuilder.java:1050 PLUS -> DIVIDE | gin.edit.modifynode.BinaryOperatorReplacement  ./gson/src/main/java/com/google/gson/GsonBuilder.java:1049 PLUS -> DIVIDE |","true","true","62.392387","0","0"
"com.google.gson.GsonBuilder","| gin.edit.modifynode.BinaryOperatorReplacement  ./gson/src/main/java/com/google/gson/GsonBuilder.java:1050 PLUS -> DIVIDE | gin.edit.modifynode.BinaryOperatorReplacement  ./gson/src/main/java/com/google/gson/GsonBuilder.java:1049 PLUS -> SIGNED_RIGHT_SHIFT |","true","false","37.548004","76","0"
"com.google.gson.GsonBuilder","| gin.edit.modifynode.BinaryOperatorReplacement  ./gson/src/main/java/com/google/gson/GsonBuilder.java:1050 PLUS -> MULTIPLY | gin.edit.modifynode.BinaryOperatorReplacement  ./gson/src/main/java/com/google/gson/GsonBuilder.java:1050 PLUS -> LEFT_SHIFT | gin.edit.modifynode.BinaryOperatorReplacement  ./gson/src/main/java/com/google/gson/GsonBuilder.java:1050 PLUS -> DIVIDE | gin.edit.modifynode.BinaryOperatorReplacement  ./gson/src/main/java/com/google/gson/GsonBuilder.java:1049 PLUS -> LEFT_SHIFT |","true","true","62.004276","0","0"
"com.google.gson.GsonBuilder","| gin.edit.modifynode.BinaryOperatorReplacement  ./gson/src/main/java/com/google/gson/GsonBuilder.java:1050 PLUS -> MINUS | gin.edit.modifynode.BinaryOperatorReplacement  ./gson/src/main/java/com/google/gson/GsonBuilder.java:1050 PLUS -> MULTIPLY | gin.edit.modifynode.BinaryOperatorReplacement  ./gson/src/main/java/com/google/gson/GsonBuilder.java:1050 PLUS -> SIGNED_RIGHT_SHIFT |","true","true","59.019096","0","0"
"com.google.gson.GsonBuilder","| gin.edit.modifynode.BinaryOperatorReplacement  ./gson/src/main/java/com/google/gson/GsonBuilder.java:1050 PLUS -> LEFT_SHIFT | gin.edit.modifynode.BinaryOperatorReplacement  ./gson/src/main/java/com/google/gson/GsonBuilder.java:1050 PLUS -> MULTIPLY |","true","true","59.681717","0","0"
"com.google.gson.GsonBuilder","| gin.edit.modifynode.BinaryOperatorReplacement  ./gson/src/main/java/com/google/gson/GsonBuilder.java:1050 PLUS -> MULTIPLY | gin.edit.modifynode.BinaryOperatorReplacement  ./gson/src/main/java/com/google/gson/GsonBuilder.java:1050 PLUS -> LEFT_SHIFT | gin.edit.modifynode.BinaryOperatorReplacement  ./gson/src/main/java/com/google/gson/GsonBuilder.java:1050 PLUS -> DIVIDE | gin.edit.modifynode.BinaryOperatorReplacement  ./gson/src/main/java/com/google/gson/GsonBuilder.java:1050 PLUS -> REMAINDER |","true","true","64.044044","0","0"
"com.google.gson.GsonBuilder","| gin.edit.modifynode.BinaryOperatorReplacement  ./gson/src/main/java/com/google/gson/GsonBuilder.java:1049 PLUS -> DIVIDE | gin.edit.modifynode.BinaryOperatorReplacement  ./gson/src/main/java/com/google/gson/GsonBuilder.java:1049 PLUS -> DIVIDE | gin.edit.modifynode.BinaryOperatorReplacement  ./gson/src/main/java/com/google/gson/GsonBuilder.java:1049 PLUS -> DIVIDE | gin.edit.modifynode.BinaryOperatorReplacement  ./gson/src/main/java/com/google/gson/GsonBuilder.java:1050 PLUS -> UNSIGNED_RIGHT_SHIFT |","true","true","56.304413","0","0"
"com.google.gson.GsonBuilder","| gin.edit.modifynode.BinaryOperatorReplacement  ./gson/src/main/java/com/google/gson/GsonBuilder.java:1049 PLUS -> DIVIDE | gin.edit.modifynode.BinaryOperatorReplacement  ./gson/src/main/java/com/google/gson/GsonBuilder.java:1050 PLUS -> MULTIPLY | gin.edit.modifynode.BinaryOperatorReplacement  ./gson/src/main/java/com/google/gson/GsonBuilder.java:1050 PLUS -> LEFT_SHIFT |","true","true","65.37366","0","0"
"com.google.gson.GsonBuilder","| gin.edit.modifynode.BinaryOperatorReplacement  ./gson/src/main/java/com/google/gson/GsonBuilder.java:1049 PLUS -> DIVIDE | gin.edit.modifynode.BinaryOperatorReplacement  ./gson/src/main/java/com/google/gson/GsonBuilder.java:1050 PLUS -> MULTIPLY | gin.edit.modifynode.BinaryOperatorReplacement  ./gson/src/main/java/com/google/gson/GsonBuilder.java:1050 PLUS -> LEFT_SHIFT | gin.edit.modifynode.BinaryOperatorReplacement  ./gson/src/main/java/com/google/gson/GsonBuilder.java:1050 PLUS -> UNSIGNED_RIGHT_SHIFT |","true","true","70.52007","0","0"
"com.google.gson.GsonBuilder","| gin.edit.modifynode.BinaryOperatorReplacement  ./gson/src/main/java/com/google/gson/GsonBuilder.java:1050 PLUS -> MULTIPLY | gin.edit.modifynode.BinaryOperatorReplacement  ./gson/src/main/java/com/google/gson/GsonBuilder.java:1049 PLUS -> DIVIDE | gin.edit.modifynode.BinaryOperatorReplacement  ./gson/src/main/java/com/google/gson/GsonBuilder.java:1049 PLUS -> DIVIDE |","true","true","61.64391","0","0"
"com.google.gson.GsonBuilder","| gin.edit.modifynode.BinaryOperatorReplacement  ./gson/src/main/java/com/google/gson/GsonBuilder.java:1050 PLUS -> MULTIPLY | gin.edit.modifynode.BinaryOperatorReplacement  ./gson/src/main/java/com/google/gson/GsonBuilder.java:1050 PLUS -> MULTIPLY |","true","true","61.00748","0","0"
"com.google.gson.GsonBuilder","| gin.edit.modifynode.BinaryOperatorReplacement  ./gson/src/main/java/com/google/gson/GsonBuilder.java:1050 PLUS -> MULTIPLY | gin.edit.modifynode.BinaryOperatorReplacement  ./gson/src/main/java/com/google/gson/GsonBuilder.java:1049 PLUS -> DIVIDE | gin.edit.modifynode.BinaryOperatorReplacement  ./gson/src/main/java/com/google/gson/GsonBuilder.java:1049 PLUS -> DIVIDE | gin.edit.modifynode.BinaryOperatorReplacement  ./gson/src/main/java/com/google/gson/GsonBuilder.java:1049 PLUS -> DIVIDE |","true","true","55.75825","0","0"
"com.google.gson.GsonBuilder","| gin.edit.modifynode.BinaryOperatorReplacement  ./gson/src/main/java/com/google/gson/GsonBuilder.java:1050 PLUS -> MINUS | gin.edit.modifynode.BinaryOperatorReplacement  ./gson/src/main/java/com/google/gson/GsonBuilder.java:1049 PLUS -> DIVIDE | gin.edit.modifynode.BinaryOperatorReplacement  ./gson/src/main/java/com/google/gson/GsonBuilder.java:1049 PLUS -> DIVIDE | gin.edit.modifynode.BinaryOperatorReplacement  ./gson/src/main/java/com/google/gson/GsonBuilder.java:1049 PLUS -> SIGNED_RIGHT_SHIFT |","true","true","61.18448","0","0"
"com.google.gson.GsonBuilder","| gin.edit.modifynode.BinaryOperatorReplacement  ./gson/src/main/java/com/google/gson/GsonBuilder.java:1049 PLUS -> DIVIDE | gin.edit.modifynode.BinaryOperatorReplacement  ./gson/src/main/java/com/google/gson/GsonBuilder.java:1049 PLUS -> DIVIDE | gin.edit.modifynode.BinaryOperatorReplacement  ./gson/src/main/java/com/google/gson/GsonBuilder.java:1049 PLUS -> DIVIDE | gin.edit.modifynode.BinaryOperatorReplacement  ./gson/src/main/java/com/google/gson/GsonBuilder.java:1049 PLUS -> MINUS |","true","true","65.87366","0","0"
"com.google.gson.GsonBuilder","| gin.edit.modifynode.BinaryOperatorReplacement  ./gson/src/main/java/com/google/gson/GsonBuilder.java:1049 PLUS -> DIVIDE | gin.edit.modifynode.BinaryOperatorReplacement  ./gson/src/main/java/com/google/gson/GsonBuilder.java:1049 PLUS -> DIVIDE | gin.edit.modifynode.BinaryOperatorReplacement  ./gson/src/main/java/com/google/gson/GsonBuilder.java:1049 PLUS -> DIVIDE |","true","true","58.903538","0","0"
"com.google.gson.GsonBuilder","| gin.edit.modifynode.BinaryOperatorReplacement  ./gson/src/main/java/com/google/gson/GsonBuilder.java:1049 PLUS -> DIVIDE | gin.edit.modifynode.BinaryOperatorReplacement  ./gson/src/main/java/com/google/gson/GsonBuilder.java:1050 PLUS -> MULTIPLY | gin.edit.modifynode.BinaryOperatorReplacement  ./gson/src/main/java/com/google/gson/GsonBuilder.java:1050 PLUS -> LEFT_SHIFT | gin.edit.modifynode.BinaryOperatorReplacement  ./gson/src/main/java/com/google/gson/GsonBuilder.java:1050 PLUS -> UNSIGNED_RIGHT_SHIFT |","true","true","58.63316","0","0"
"com.google.gson.GsonBuilder","| gin.edit.modifynode.BinaryOperatorReplacement  ./gson/src/main/java/com/google/gson/GsonBuilder.java:1050 PLUS -> LEFT_SHIFT | gin.edit.modifynode.BinaryOperatorReplacement  ./gson/src/main/java/com/google/gson/GsonBuilder.java:1050 PLUS -> MULTIPLY | gin.edit.modifynode.BinaryOperatorReplacement  ./gson/src/main/java/com/google/gson/GsonBuilder.java:1050 PLUS -> UNSIGNED_RIGHT_SHIFT |","true","true","62.724483","0","0"
"com.google.gson.GsonBuilder","| gin.edit.modifynode.BinaryOperatorReplacement  ./gson/src/main/java/com/google/gson/GsonBuilder.java:1050 PLUS -> MULTIPLY | gin.edit.modifynode.BinaryOperatorReplacement  ./gson/src/main/java/com/google/gson/GsonBuilder.java:1050 PLUS -> MULTIPLY |","true","true","62.363552","0","0"
"com.google.gson.GsonBuilder","| gin.edit.modifynode.BinaryOperatorReplacement  ./gson/src/main/java/com/google/gson/GsonBuilder.java:1050 PLUS -> MULTIPLY | gin.edit.modifynode.BinaryOperatorReplacement  ./gson/src/main/java/com/google/gson/GsonBuilder.java:1050 PLUS -> MULTIPLY | gin.edit.modifynode.BinaryOperatorReplacement  ./gson/src/main/java/com/google/gson/GsonBuilder.java:1050 PLUS -> LEFT_SHIFT | gin.edit.modifynode.BinaryOperatorReplacement  ./gson/src/main/java/com/google/gson/GsonBuilder.java:1050 PLUS -> UNSIGNED_RIGHT_SHIFT | gin.edit.modifynode.BinaryOperatorReplacement  ./gson/src/main/java/com/google/gson/GsonBuilder.java:1050 PLUS -> LEFT_SHIFT |","true","true","59.50387","0","0"
"com.google.gson.GsonBuilder","| gin.edit.modifynode.BinaryOperatorReplacement  ./gson/src/main/java/com/google/gson/GsonBuilder.java:1049 PLUS -> DIVIDE | gin.edit.modifynode.BinaryOperatorReplacement  ./gson/src/main/java/com/google/gson/GsonBuilder.java:1050 PLUS -> MULTIPLY | gin.edit.modifynode.BinaryOperatorReplacement  ./gson/src/main/java/com/google/gson/GsonBuilder.java:1050 PLUS -> LEFT_SHIFT | gin.edit.modifynode.BinaryOperatorReplacement  ./gson/src/main/java/com/google/gson/GsonBuilder.java:1049 PLUS -> UNSIGNED_RIGHT_SHIFT |","true","true","64.25301","0","0"
"com.google.gson.GsonBuilder","| gin.edit.modifynode.BinaryOperatorReplacement  ./gson/src/main/java/com/google/gson/GsonBuilder.java:1049 PLUS -> SIGNED_RIGHT_SHIFT | gin.edit.modifynode.BinaryOperatorReplacement  ./gson/src/main/java/com/google/gson/GsonBuilder.java:1049 PLUS -> SIGNED_RIGHT_SHIFT |","true","true","61.855167","0","0"
"com.google.gson.GsonBuilder","| gin.edit.modifynode.BinaryOperatorReplacement  ./gson/src/main/java/com/google/gson/GsonBuilder.java:1050 PLUS -> MULTIPLY | gin.edit.modifynode.BinaryOperatorReplacement  ./gson/src/main/java/com/google/gson/GsonBuilder.java:1049 PLUS -> SIGNED_RIGHT_SHIFT | gin.edit.modifynode.BinaryOperatorReplacement  ./gson/src/main/java/com/google/gson/GsonBuilder.java:1050 PLUS -> UNSIGNED_RIGHT_SHIFT |","true","true","60.77778","0","0"
"com.google.gson.GsonBuilder","| gin.edit.modifynode.BinaryOperatorReplacement  ./gson/src/main/java/com/google/gson/GsonBuilder.java:1049 PLUS -> SIGNED_RIGHT_SHIFT | gin.edit.modifynode.BinaryOperatorReplacement  ./gson/src/main/java/com/google/gson/GsonBuilder.java:1050 PLUS -> MULTIPLY | gin.edit.modifynode.BinaryOperatorReplacement  ./gson/src/main/java/com/google/gson/GsonBuilder.java:1050 PLUS -> LEFT_SHIFT |","true","true","59.1682","0","0"
"com.google.gson.GsonBuilder","| gin.edit.modifynode.BinaryOperatorReplacement  ./gson/src/main/java/com/google/gson/GsonBuilder.java:1050 PLUS -> DIVIDE | gin.edit.modifynode.BinaryOperatorReplacement  ./gson/src/main/java/com/google/gson/GsonBuilder.java:1050 PLUS -> MULTIPLY |","true","false","42.00461","76","0"
"com.google.gson.GsonBuilder","| gin.edit.modifynode.BinaryOperatorReplacement  ./gson/src/main/java/com/google/gson/GsonBuilder.java:1050 PLUS -> LEFT_SHIFT | gin.edit.modifynode.BinaryOperatorReplacement  ./gson/src/main/java/com/google/gson/GsonBuilder.java:1050 PLUS -> MULTIPLY | gin.edit.modifynode.BinaryOperatorReplacement  ./gson/src/main/java/com/google/gson/GsonBuilder.java:1050 PLUS -> DIVIDE | gin.edit.modifynode.BinaryOperatorReplacement  ./gson/src/main/java/com/google/gson/GsonBuilder.java:1050 PLUS -> REMAINDER | gin.edit.modifynode.BinaryOperatorReplacement  ./gson/src/main/java/com/google/gson/GsonBuilder.java:1050 PLUS -> UNSIGNED_RIGHT_SHIFT |","true","true","63.588547","0","0"
"com.google.gson.GsonBuilder","| gin.edit.modifynode.BinaryOperatorReplacement  ./gson/src/main/java/com/google/gson/GsonBuilder.java:1050 PLUS -> MULTIPLY | gin.edit.modifynode.BinaryOperatorReplacement  ./gson/src/main/java/com/google/gson/GsonBuilder.java:1050 PLUS -> MULTIPLY | gin.edit.modifynode.BinaryOperatorReplacement  ./gson/src/main/java/com/google/gson/GsonBuilder.java:1050 PLUS -> DIVIDE | gin.edit.modifynode.BinaryOperatorReplacement  ./gson/src/main/java/com/google/gson/GsonBuilder.java:1050 PLUS -> REMAINDER | gin.edit.modifynode.BinaryOperatorReplacement  ./gson/src/main/java/com/google/gson/GsonBuilder.java:1049 PLUS -> SIGNED_RIGHT_SHIFT |","true","true","63.063404","0","0"
"com.google.gson.GsonBuilder","| gin.edit.modifynode.BinaryOperatorReplacement  ./gson/src/main/java/com/google/gson/GsonBuilder.java:1050 PLUS -> MULTIPLY | gin.edit.modifynode.BinaryOperatorReplacement  ./gson/src/main/java/com/google/gson/GsonBuilder.java:1050 PLUS -> MULTIPLY | gin.edit.modifynode.BinaryOperatorReplacement  ./gson/src/main/java/com/google/gson/GsonBuilder.java:1049 PLUS -> DIVIDE |","true","true","64.71365","0","0"
"com.google.gson.GsonBuilder","| gin.edit.modifynode.BinaryOperatorReplacement  ./gson/src/main/java/com/google/gson/GsonBuilder.java:1050 PLUS -> MINUS | gin.edit.modifynode.BinaryOperatorReplacement  ./gson/src/main/java/com/google/gson/GsonBuilder.java:1049 PLUS -> DIVIDE | gin.edit.modifynode.BinaryOperatorReplacement  ./gson/src/main/java/com/google/gson/GsonBuilder.java:1049 PLUS -> DIVIDE |","true","true","62.399296","0","0"
"com.google.gson.GsonBuilder","| gin.edit.modifynode.BinaryOperatorReplacement  ./gson/src/main/java/com/google/gson/GsonBuilder.java:1049 PLUS -> DIVIDE | gin.edit.modifynode.BinaryOperatorReplacement  ./gson/src/main/java/com/google/gson/GsonBuilder.java:1050 PLUS -> MULTIPLY | gin.edit.modifynode.BinaryOperatorReplacement  ./gson/src/main/java/com/google/gson/GsonBuilder.java:1050 PLUS -> LEFT_SHIFT | gin.edit.modifynode.BinaryOperatorReplacement  ./gson/src/main/java/com/google/gson/GsonBuilder.java:1050 PLUS -> UNSIGNED_RIGHT_SHIFT |","true","true","62.11996","0","0"
"com.google.gson.GsonBuilder","| gin.edit.modifynode.BinaryOperatorReplacement  ./gson/src/main/java/com/google/gson/GsonBuilder.java:1049 PLUS -> DIVIDE | gin.edit.modifynode.BinaryOperatorReplacement  ./gson/src/main/java/com/google/gson/GsonBuilder.java:1049 PLUS -> DIVIDE | gin.edit.modifynode.BinaryOperatorReplacement  ./gson/src/main/java/com/google/gson/GsonBuilder.java:1050 PLUS -> LEFT_SHIFT | gin.edit.modifynode.BinaryOperatorReplacement  ./gson/src/main/java/com/google/gson/GsonBuilder.java:1050 PLUS -> UNSIGNED_RIGHT_SHIFT |","true","true","65.29563","0","0"
"com.google.gson.GsonBuilder","| gin.edit.modifynode.BinaryOperatorReplacement  ./gson/src/main/java/com/google/gson/GsonBuilder.java:1050 PLUS -> LEFT_SHIFT | gin.edit.modifynode.BinaryOperatorReplacement  ./gson/src/main/java/com/google/gson/GsonBuilder.java:1050 PLUS -> MULTIPLY | gin.edit.modifynode.BinaryOperatorReplacement  ./gson/src/main/java/com/google/gson/GsonBuilder.java:1049 PLUS -> DIVIDE | gin.edit.modifynode.BinaryOperatorReplacement  ./gson/src/main/java/com/google/gson/GsonBuilder.java:1049 PLUS -> REMAINDER |","true","true","63.14511","0","0"
"com.google.gson.GsonBuilder","| gin.edit.modifynode.BinaryOperatorReplacement  ./gson/src/main/java/com/google/gson/GsonBuilder.java:1049 PLUS -> SIGNED_RIGHT_SHIFT | gin.edit.modifynode.BinaryOperatorReplacement  ./gson/src/main/java/com/google/gson/GsonBuilder.java:1050 PLUS -> DIVIDE | gin.edit.modifynode.BinaryOperatorReplacement  ./gson/src/main/java/com/google/gson/GsonBuilder.java:1049 PLUS -> DIVIDE | gin.edit.modifynode.BinaryOperatorReplacement  ./gson/src/main/java/com/google/gson/GsonBuilder.java:1049 PLUS -> MINUS |","true","true","60.92863","0","0"
"com.google.gson.GsonBuilder","| gin.edit.modifynode.BinaryOperatorReplacement  ./gson/src/main/java/com/google/gson/GsonBuilder.java:1050 PLUS -> UNSIGNED_RIGHT_SHIFT | gin.edit.modifynode.BinaryOperatorReplacement  ./gson/src/main/java/com/google/gson/GsonBuilder.java:1049 PLUS -> SIGNED_RIGHT_SHIFT | gin.edit.modifynode.BinaryOperatorReplacement  ./gson/src/main/java/com/google/gson/GsonBuilder.java:1050 PLUS -> MULTIPLY |","true","true","63.522476","0","0"
"com.google.gson.GsonBuilder","| gin.edit.modifynode.BinaryOperatorReplacement  ./gson/src/main/java/com/google/gson/GsonBuilder.java:1049 PLUS -> DIVIDE | gin.edit.modifynode.BinaryOperatorReplacement  ./gson/src/main/java/com/google/gson/GsonBuilder.java:1049 PLUS -> DIVIDE | gin.edit.modifynode.BinaryOperatorReplacement  ./gson/src/main/java/com/google/gson/GsonBuilder.java:1049 PLUS -> DIVIDE | gin.edit.modifynode.BinaryOperatorReplacement  ./gson/src/main/java/com/google/gson/GsonBuilder.java:1049 PLUS -> MINUS |","true","true","65.61932","0","0"
"com.google.gson.GsonBuilder","| gin.edit.modifynode.BinaryOperatorReplacement  ./gson/src/main/java/com/google/gson/GsonBuilder.java:1049 PLUS -> DIVIDE | gin.edit.modifynode.BinaryOperatorReplacement  ./gson/src/main/java/com/google/gson/GsonBuilder.java:1049 PLUS -> DIVIDE | gin.edit.modifynode.BinaryOperatorReplacement  ./gson/src/main/java/com/google/gson/GsonBuilder.java:1049 PLUS -> DIVIDE |","true","true","670.05756","0","0"
"com.google.gson.GsonBuilder","| gin.edit.modifynode.BinaryOperatorReplacement  ./gson/src/main/java/com/google/gson/GsonBuilder.java:1050 PLUS -> UNSIGNED_RIGHT_SHIFT | gin.edit.modifynode.BinaryOperatorReplacement  ./gson/src/main/java/com/google/gson/GsonBuilder.java:1049 PLUS -> SIGNED_RIGHT_SHIFT | gin.edit.modifynode.BinaryOperatorReplacement  ./gson/src/main/java/com/google/gson/GsonBuilder.java:1050 PLUS -> MULTIPLY | gin.edit.modifynode.BinaryOperatorReplacement  ./gson/src/main/java/com/google/gson/GsonBuilder.java:1050 PLUS -> MINUS |","true","true","82.89904","0","0"
"com.google.gson.GsonBuilder","| gin.edit.modifynode.BinaryOperatorReplacement  ./gson/src/main/java/com/google/gson/GsonBuilder.java:1049 PLUS -> SIGNED_RIGHT_SHIFT | gin.edit.modifynode.BinaryOperatorReplacement  ./gson/src/main/java/com/google/gson/GsonBuilder.java:1050 PLUS -> DIVIDE | gin.edit.modifynode.BinaryOperatorReplacement  ./gson/src/main/java/com/google/gson/GsonBuilder.java:1049 PLUS -> DIVIDE | gin.edit.modifynode.BinaryOperatorReplacement  ./gson/src/main/java/com/google/gson/GsonBuilder.java:1049 PLUS -> MINUS |","true","true","56.901302","0","0"
"com.google.gson.GsonBuilder","| gin.edit.modifynode.BinaryOperatorReplacement  ./gson/src/main/java/com/google/gson/GsonBuilder.java:1049 PLUS -> DIVIDE | gin.edit.modifynode.BinaryOperatorReplacement  ./gson/src/main/java/com/google/gson/GsonBuilder.java:1049 PLUS -> DIVIDE | gin.edit.modifynode.BinaryOperatorReplacement  ./gson/src/main/java/com/google/gson/GsonBuilder.java:1049 PLUS -> DIVIDE |","true","true","58.516193","0","0"
"com.google.gson.GsonBuilder","| gin.edit.modifynode.BinaryOperatorReplacement  ./gson/src/main/java/com/google/gson/GsonBuilder.java:1050 PLUS -> DIVIDE | gin.edit.modifynode.BinaryOperatorReplacement  ./gson/src/main/java/com/google/gson/GsonBuilder.java:1049 PLUS -> DIVIDE | gin.edit.modifynode.BinaryOperatorReplacement  ./gson/src/main/java/com/google/gson/GsonBuilder.java:1049 PLUS -> DIVIDE |","true","false","38.511303","76","0"
"com.google.gson.GsonBuilder","| gin.edit.modifynode.BinaryOperatorReplacement  ./gson/src/main/java/com/google/gson/GsonBuilder.java:1049 PLUS -> DIVIDE | gin.edit.modifynode.BinaryOperatorReplacement  ./gson/src/main/java/com/google/gson/GsonBuilder.java:1050 PLUS -> DIVIDE | gin.edit.modifynode.BinaryOperatorReplacement  ./gson/src/main/java/com/google/gson/GsonBuilder.java:1049 PLUS -> DIVIDE | gin.edit.modifynode.BinaryOperatorReplacement  ./gson/src/main/java/com/google/gson/GsonBuilder.java:1049 PLUS -> MINUS |","true","true","54.687782","0","0"
"com.google.gson.GsonBuilder","| gin.edit.modifynode.BinaryOperatorReplacement  ./gson/src/main/java/com/google/gson/GsonBuilder.java:1050 PLUS -> LEFT_SHIFT | gin.edit.modifynode.BinaryOperatorReplacement  ./gson/src/main/java/com/google/gson/GsonBuilder.java:1049 PLUS -> REMAINDER | gin.edit.modifynode.BinaryOperatorReplacement  ./gson/src/main/java/com/google/gson/GsonBuilder.java:1049 PLUS -> DIVIDE | gin.edit.modifynode.BinaryOperatorReplacement  ./gson/src/main/java/com/google/gson/GsonBuilder.java:1050 PLUS -> MULTIPLY |","true","true","57.094875","0","0"
"com.google.gson.GsonBuilder","| gin.edit.modifynode.BinaryOperatorReplacement  ./gson/src/main/java/com/google/gson/GsonBuilder.java:1049 PLUS -> DIVIDE | gin.edit.modifynode.BinaryOperatorReplacement  ./gson/src/main/java/com/google/gson/GsonBuilder.java:1049 PLUS -> MINUS | gin.edit.modifynode.BinaryOperatorReplacement  ./gson/src/main/java/com/google/gson/GsonBuilder.java:1049 PLUS -> DIVIDE | gin.edit.modifynode.BinaryOperatorReplacement  ./gson/src/main/java/com/google/gson/GsonBuilder.java:1049 PLUS -> DIVIDE |","true","true","55.24587","0","0"
"com.google.gson.GsonBuilder","| gin.edit.modifynode.BinaryOperatorReplacement  ./gson/src/main/java/com/google/gson/GsonBuilder.java:1050 PLUS -> MULTIPLY | gin.edit.modifynode.BinaryOperatorReplacement  ./gson/src/main/java/com/google/gson/GsonBuilder.java:1049 PLUS -> DIVIDE | gin.edit.modifynode.BinaryOperatorReplacement  ./gson/src/main/java/com/google/gson/GsonBuilder.java:1049 PLUS -> REMAINDER | gin.edit.modifynode.BinaryOperatorReplacement  ./gson/src/main/java/com/google/gson/GsonBuilder.java:1049 PLUS -> DIVIDE |","true","true","58.421158","0","0"
"com.google.gson.GsonBuilder","| gin.edit.modifynode.BinaryOperatorReplacement  ./gson/src/main/java/com/google/gson/GsonBuilder.java:1049 PLUS -> DIVIDE | gin.edit.modifynode.BinaryOperatorReplacement  ./gson/src/main/java/com/google/gson/GsonBuilder.java:1049 PLUS -> DIVIDE | gin.edit.modifynode.BinaryOperatorReplacement  ./gson/src/main/java/com/google/gson/GsonBuilder.java:1049 PLUS -> MINUS | gin.edit.modifynode.BinaryOperatorReplacement  ./gson/src/main/java/com/google/gson/GsonBuilder.java:1050 PLUS -> MULTIPLY | gin.edit.modifynode.BinaryOperatorReplacement  ./gson/src/main/java/com/google/gson/GsonBuilder.java:1050 PLUS -> DIVIDE |","true","true","58.602283","0","0"
"com.google.gson.GsonBuilder","| gin.edit.modifynode.BinaryOperatorReplacement  ./gson/src/main/java/com/google/gson/GsonBuilder.java:1049 PLUS -> SIGNED_RIGHT_SHIFT | gin.edit.modifynode.BinaryOperatorReplacement  ./gson/src/main/java/com/google/gson/GsonBuilder.java:1050 PLUS -> MULTIPLY | gin.edit.modifynode.BinaryOperatorReplacement  ./gson/src/main/java/com/google/gson/GsonBuilder.java:1050 PLUS -> LEFT_SHIFT |","true","true","59.996033","0","0"
"com.google.gson.GsonBuilder","| gin.edit.modifynode.BinaryOperatorReplacement  ./gson/src/main/java/com/google/gson/GsonBuilder.java:1049 PLUS -> SIGNED_RIGHT_SHIFT | gin.edit.modifynode.BinaryOperatorReplacement  ./gson/src/main/java/com/google/gson/GsonBuilder.java:1049 PLUS -> SIGNED_RIGHT_SHIFT |","true","true","60.455357","0","0"
"com.google.gson.GsonBuilder","| gin.edit.modifynode.BinaryOperatorReplacement  ./gson/src/main/java/com/google/gson/GsonBuilder.java:1050 PLUS -> MULTIPLY | gin.edit.modifynode.BinaryOperatorReplacement  ./gson/src/main/java/com/google/gson/GsonBuilder.java:1049 PLUS -> SIGNED_RIGHT_SHIFT |","true","true","58.214226","0","0"
"com.google.gson.GsonBuilder","| gin.edit.modifynode.BinaryOperatorReplacement  ./gson/src/main/java/com/google/gson/GsonBuilder.java:1049 PLUS -> SIGNED_RIGHT_SHIFT | gin.edit.modifynode.BinaryOperatorReplacement  ./gson/src/main/java/com/google/gson/GsonBuilder.java:1050 PLUS -> MULTIPLY | gin.edit.modifynode.BinaryOperatorReplacement  ./gson/src/main/java/com/google/gson/GsonBuilder.java:1050 PLUS -> LEFT_SHIFT | gin.edit.modifynode.BinaryOperatorReplacement  ./gson/src/main/java/com/google/gson/GsonBuilder.java:1049 PLUS -> UNSIGNED_RIGHT_SHIFT |","true","true","56.610264","0","0"
"com.google.gson.GsonBuilder","| gin.edit.modifynode.BinaryOperatorReplacement  ./gson/src/main/java/com/google/gson/GsonBuilder.java:1050 PLUS -> MULTIPLY | gin.edit.modifynode.BinaryOperatorReplacement  ./gson/src/main/java/com/google/gson/GsonBuilder.java:1050 PLUS -> MULTIPLY | gin.edit.modifynode.BinaryOperatorReplacement  ./gson/src/main/java/com/google/gson/GsonBuilder.java:1049 PLUS -> DIVIDE |","true","true","56.946983","0","0"
"com.google.gson.GsonBuilder","| gin.edit.modifynode.BinaryOperatorReplacement  ./gson/src/main/java/com/google/gson/GsonBuilder.java:1050 PLUS -> MULTIPLY | gin.edit.modifynode.BinaryOperatorReplacement  ./gson/src/main/java/com/google/gson/GsonBuilder.java:1049 PLUS -> DIVIDE | gin.edit.modifynode.BinaryOperatorReplacement  ./gson/src/main/java/com/google/gson/GsonBuilder.java:1049 PLUS -> DIVIDE | gin.edit.modifynode.BinaryOperatorReplacement  ./gson/src/main/java/com/google/gson/GsonBuilder.java:1049 PLUS -> DIVIDE |","true","true","59.307396","0","0"
"com.google.gson.GsonBuilder","| gin.edit.modifynode.BinaryOperatorReplacement  ./gson/src/main/java/com/google/gson/GsonBuilder.java:1050 PLUS -> MULTIPLY | gin.edit.modifynode.BinaryOperatorReplacement  ./gson/src/main/java/com/google/gson/GsonBuilder.java:1049 PLUS -> DIVIDE | gin.edit.modifynode.BinaryOperatorReplacement  ./gson/src/main/java/com/google/gson/GsonBuilder.java:1049 PLUS -> DIVIDE | gin.edit.modifynode.BinaryOperatorReplacement  ./gson/src/main/java/com/google/gson/GsonBuilder.java:1049 PLUS -> DIVIDE |","true","true","60.766975","0","0"
"com.google.gson.GsonBuilder","| gin.edit.modifynode.BinaryOperatorReplacement  ./gson/src/main/java/com/google/gson/GsonBuilder.java:1050 PLUS -> MULTIPLY | gin.edit.modifynode.BinaryOperatorReplacement  ./gson/src/main/java/com/google/gson/GsonBuilder.java:1050 PLUS -> MULTIPLY | gin.edit.modifynode.BinaryOperatorReplacement  ./gson/src/main/java/com/google/gson/GsonBuilder.java:1049 PLUS -> DIVIDE | gin.edit.modifynode.BinaryOperatorReplacement  ./gson/src/main/java/com/google/gson/GsonBuilder.java:1050 PLUS -> LEFT_SHIFT |","true","true","58.44232","0","0"
"com.google.gson.GsonBuilder","| gin.edit.modifynode.BinaryOperatorReplacement  ./gson/src/main/java/com/google/gson/GsonBuilder.java:1050 PLUS -> MULTIPLY | gin.edit.modifynode.BinaryOperatorReplacement  ./gson/src/main/java/com/google/gson/GsonBuilder.java:1049 PLUS -> SIGNED_RIGHT_SHIFT | gin.edit.modifynode.BinaryOperatorReplacement  ./gson/src/main/java/com/google/gson/GsonBuilder.java:1050 PLUS -> UNSIGNED_RIGHT_SHIFT |","true","true","58.850082","0","0"
"com.google.gson.GsonBuilder","| gin.edit.modifynode.BinaryOperatorReplacement  ./gson/src/main/java/com/google/gson/GsonBuilder.java:1050 PLUS -> MULTIPLY | gin.edit.modifynode.BinaryOperatorReplacement  ./gson/src/main/java/com/google/gson/GsonBuilder.java:1050 PLUS -> MULTIPLY | gin.edit.modifynode.BinaryOperatorReplacement  ./gson/src/main/java/com/google/gson/GsonBuilder.java:1049 PLUS -> DIVIDE | gin.edit.modifynode.BinaryOperatorReplacement  ./gson/src/main/java/com/google/gson/GsonBuilder.java:1050 PLUS -> LEFT_SHIFT | gin.edit.modifynode.BinaryOperatorReplacement  ./gson/src/main/java/com/google/gson/GsonBuilder.java:1049 PLUS -> SIGNED_RIGHT_SHIFT |","true","true","62.116608","0","0"
"com.google.gson.GsonBuilder","| gin.edit.modifynode.BinaryOperatorReplacement  ./gson/src/main/java/com/google/gson/GsonBuilder.java:1049 PLUS -> DIVIDE | gin.edit.modifynode.BinaryOperatorReplacement  ./gson/src/main/java/com/google/gson/GsonBuilder.java:1049 PLUS -> DIVIDE | gin.edit.modifynode.BinaryOperatorReplacement  ./gson/src/main/java/com/google/gson/GsonBuilder.java:1049 PLUS -> DIVIDE |","true","true","58.56225","0","0"
"com.google.gson.GsonBuilder","| gin.edit.modifynode.BinaryOperatorReplacement  ./gson/src/main/java/com/google/gson/GsonBuilder.java:1050 PLUS -> MULTIPLY | gin.edit.modifynode.BinaryOperatorReplacement  ./gson/src/main/java/com/google/gson/GsonBuilder.java:1049 PLUS -> DIVIDE | gin.edit.modifynode.BinaryOperatorReplacement  ./gson/src/main/java/com/google/gson/GsonBuilder.java:1049 PLUS -> DIVIDE |","true","true","56.874214","0","0"
"com.google.gson.GsonBuilder","| gin.edit.modifynode.BinaryOperatorReplacement  ./gson/src/main/java/com/google/gson/GsonBuilder.java:1049 PLUS -> DIVIDE | gin.edit.modifynode.BinaryOperatorReplacement  ./gson/src/main/java/com/google/gson/GsonBuilder.java:1050 PLUS -> MULTIPLY | gin.edit.modifynode.BinaryOperatorReplacement  ./gson/src/main/java/com/google/gson/GsonBuilder.java:1049 PLUS -> DIVIDE | gin.edit.modifynode.BinaryOperatorReplacement  ./gson/src/main/java/com/google/gson/GsonBuilder.java:1050 PLUS -> LEFT_SHIFT | gin.edit.modifynode.BinaryOperatorReplacement  ./gson/src/main/java/com/google/gson/GsonBuilder.java:1049 PLUS -> DIVIDE |","true","true","60.019215","0","0"
"com.google.gson.GsonBuilder","| gin.edit.modifynode.BinaryOperatorReplacement  ./gson/src/main/java/com/google/gson/GsonBuilder.java:1050 PLUS -> UNSIGNED_RIGHT_SHIFT | gin.edit.modifynode.BinaryOperatorReplacement  ./gson/src/main/java/com/google/gson/GsonBuilder.java:1049 PLUS -> SIGNED_RIGHT_SHIFT | gin.edit.modifynode.BinaryOperatorReplacement  ./gson/src/main/java/com/google/gson/GsonBuilder.java:1050 PLUS -> MULTIPLY | gin.edit.modifynode.BinaryOperatorReplacement  ./gson/src/main/java/com/google/gson/GsonBuilder.java:1050 PLUS -> MINUS | gin.edit.modifynode.BinaryOperatorReplacement  ./gson/src/main/java/com/google/gson/GsonBuilder.java:1050 PLUS -> MULTIPLY |","true","true","62.44691","0","0"
"com.google.gson.GsonBuilder","| gin.edit.modifynode.BinaryOperatorReplacement  ./gson/src/main/java/com/google/gson/GsonBuilder.java:1050 PLUS -> MULTIPLY | gin.edit.modifynode.BinaryOperatorReplacement  ./gson/src/main/java/com/google/gson/GsonBuilder.java:1049 PLUS -> DIVIDE | gin.edit.modifynode.BinaryOperatorReplacement  ./gson/src/main/java/com/google/gson/GsonBuilder.java:1049 PLUS -> DIVIDE | gin.edit.modifynode.BinaryOperatorReplacement  ./gson/src/main/java/com/google/gson/GsonBuilder.java:1049 PLUS -> DIVIDE |","true","true","61.76354","0","0"
"com.google.gson.GsonBuilder","| gin.edit.modifynode.BinaryOperatorReplacement  ./gson/src/main/java/com/google/gson/GsonBuilder.java:1050 PLUS -> MULTIPLY | gin.edit.modifynode.BinaryOperatorReplacement  ./gson/src/main/java/com/google/gson/GsonBuilder.java:1049 PLUS -> SIGNED_RIGHT_SHIFT | gin.edit.modifynode.BinaryOperatorReplacement  ./gson/src/main/java/com/google/gson/GsonBuilder.java:1049 PLUS -> DIVIDE | gin.edit.modifynode.BinaryOperatorReplacement  ./gson/src/main/java/com/google/gson/GsonBuilder.java:1049 PLUS -> DIVIDE | gin.edit.modifynode.BinaryOperatorReplacement  ./gson/src/main/java/com/google/gson/GsonBuilder.java:1049 PLUS -> DIVIDE |","true","true","59.397648","0","0"
"com.google.gson.GsonBuilder","| gin.edit.modifynode.BinaryOperatorReplacement  ./gson/src/main/java/com/google/gson/GsonBuilder.java:1049 PLUS -> DIVIDE | gin.edit.modifynode.BinaryOperatorReplacement  ./gson/src/main/java/com/google/gson/GsonBuilder.java:1049 PLUS -> DIVIDE | gin.edit.modifynode.BinaryOperatorReplacement  ./gson/src/main/java/com/google/gson/GsonBuilder.java:1050 PLUS -> MULTIPLY | gin.edit.modifynode.BinaryOperatorReplacement  ./gson/src/main/java/com/google/gson/GsonBuilder.java:1050 PLUS -> MINUS |","true","true","59.55382","0","0"
"com.google.gson.GsonBuilder","| gin.edit.modifynode.BinaryOperatorReplacement  ./gson/src/main/java/com/google/gson/GsonBuilder.java:1049 PLUS -> DIVIDE | gin.edit.modifynode.BinaryOperatorReplacement  ./gson/src/main/java/com/google/gson/GsonBuilder.java:1049 PLUS -> DIVIDE | gin.edit.modifynode.BinaryOperatorReplacement  ./gson/src/main/java/com/google/gson/GsonBuilder.java:1049 PLUS -> DIVIDE | gin.edit.modifynode.BinaryOperatorReplacement  ./gson/src/main/java/com/google/gson/GsonBuilder.java:1050 PLUS -> MULTIPLY |","true","true","57.090923","0","0"
"com.google.gson.GsonBuilder","| gin.edit.modifynode.BinaryOperatorReplacement  ./gson/src/main/java/com/google/gson/GsonBuilder.java:1050 PLUS -> LEFT_SHIFT | gin.edit.modifynode.BinaryOperatorReplacement  ./gson/src/main/java/com/google/gson/GsonBuilder.java:1049 PLUS -> REMAINDER | gin.edit.modifynode.BinaryOperatorReplacement  ./gson/src/main/java/com/google/gson/GsonBuilder.java:1049 PLUS -> DIVIDE | gin.edit.modifynode.BinaryOperatorReplacement  ./gson/src/main/java/com/google/gson/GsonBuilder.java:1050 PLUS -> MULTIPLY | gin.edit.modifynode.BinaryOperatorReplacement  ./gson/src/main/java/com/google/gson/GsonBuilder.java:1050 PLUS -> DIVIDE |","true","true","57.9758","0","0"
"com.google.gson.GsonBuilder","| gin.edit.modifynode.BinaryOperatorReplacement  ./gson/src/main/java/com/google/gson/GsonBuilder.java:1050 PLUS -> LEFT_SHIFT | gin.edit.modifynode.BinaryOperatorReplacement  ./gson/src/main/java/com/google/gson/GsonBuilder.java:1049 PLUS -> REMAINDER | gin.edit.modifynode.BinaryOperatorReplacement  ./gson/src/main/java/com/google/gson/GsonBuilder.java:1049 PLUS -> DIVIDE | gin.edit.modifynode.BinaryOperatorReplacement  ./gson/src/main/java/com/google/gson/GsonBuilder.java:1050 PLUS -> MULTIPLY |","true","true","70.933105","0","0"
"com.google.gson.GsonBuilder","| gin.edit.modifynode.BinaryOperatorReplacement  ./gson/src/main/java/com/google/gson/GsonBuilder.java:1049 PLUS -> DIVIDE | gin.edit.modifynode.BinaryOperatorReplacement  ./gson/src/main/java/com/google/gson/GsonBuilder.java:1049 PLUS -> DIVIDE | gin.edit.modifynode.BinaryOperatorReplacement  ./gson/src/main/java/com/google/gson/GsonBuilder.java:1049 PLUS -> DIVIDE | gin.edit.modifynode.BinaryOperatorReplacement  ./gson/src/main/java/com/google/gson/GsonBuilder.java:1049 PLUS -> SIGNED_RIGHT_SHIFT |","true","true","71.30367","0","0"
"com.google.gson.GsonBuilder","| gin.edit.modifynode.BinaryOperatorReplacement  ./gson/src/main/java/com/google/gson/GsonBuilder.java:1050 PLUS -> LEFT_SHIFT | gin.edit.modifynode.BinaryOperatorReplacement  ./gson/src/main/java/com/google/gson/GsonBuilder.java:1049 PLUS -> DIVIDE | gin.edit.modifynode.BinaryOperatorReplacement  ./gson/src/main/java/com/google/gson/GsonBuilder.java:1049 PLUS -> REMAINDER | gin.edit.modifynode.BinaryOperatorReplacement  ./gson/src/main/java/com/google/gson/GsonBuilder.java:1050 PLUS -> MULTIPLY | gin.edit.modifynode.BinaryOperatorReplacement  ./gson/src/main/java/com/google/gson/GsonBuilder.java:1049 PLUS -> REMAINDER |","true","true","59.32456","0","0"
"com.google.gson.GsonBuilder","| gin.edit.modifynode.BinaryOperatorReplacement  ./gson/src/main/java/com/google/gson/GsonBuilder.java:1049 PLUS -> DIVIDE | gin.edit.modifynode.BinaryOperatorReplacement  ./gson/src/main/java/com/google/gson/GsonBuilder.java:1049 PLUS -> DIVIDE | gin.edit.modifynode.BinaryOperatorReplacement  ./gson/src/main/java/com/google/gson/GsonBuilder.java:1049 PLUS -> DIVIDE |","true","true","63.222958","0","0"
"com.google.gson.GsonBuilder","| gin.edit.modifynode.BinaryOperatorReplacement  ./gson/src/main/java/com/google/gson/GsonBuilder.java:1049 PLUS -> DIVIDE | gin.edit.modifynode.BinaryOperatorReplacement  ./gson/src/main/java/com/google/gson/GsonBuilder.java:1049 PLUS -> DIVIDE | gin.edit.modifynode.BinaryOperatorReplacement  ./gson/src/main/java/com/google/gson/GsonBuilder.java:1049 PLUS -> DIVIDE | gin.edit.modifynode.BinaryOperatorReplacement  ./gson/src/main/java/com/google/gson/GsonBuilder.java:1050 PLUS -> REMAINDER |","true","true","62.741093","0","0"
"com.google.gson.GsonBuilder","| gin.edit.modifynode.BinaryOperatorReplacement  ./gson/src/main/java/com/google/gson/GsonBuilder.java:1050 PLUS -> LEFT_SHIFT | gin.edit.modifynode.BinaryOperatorReplacement  ./gson/src/main/java/com/google/gson/GsonBuilder.java:1049 PLUS -> DIVIDE | gin.edit.modifynode.BinaryOperatorReplacement  ./gson/src/main/java/com/google/gson/GsonBuilder.java:1049 PLUS -> REMAINDER | gin.edit.modifynode.BinaryOperatorReplacement  ./gson/src/main/java/com/google/gson/GsonBuilder.java:1050 PLUS -> MULTIPLY | gin.edit.modifynode.BinaryOperatorReplacement  ./gson/src/main/java/com/google/gson/GsonBuilder.java:1049 PLUS -> MULTIPLY |","true","true","62.50984","0","0"
"com.google.gson.GsonBuilder","| gin.edit.modifynode.BinaryOperatorReplacement  ./gson/src/main/java/com/google/gson/GsonBuilder.java:1049 PLUS -> SIGNED_RIGHT_SHIFT | gin.edit.modifynode.BinaryOperatorReplacement  ./gson/src/main/java/com/google/gson/GsonBuilder.java:1049 PLUS -> SIGNED_RIGHT_SHIFT |","true","true","64.56716","0","0"
"com.google.gson.GsonBuilder","| gin.edit.modifynode.BinaryOperatorReplacement  ./gson/src/main/java/com/google/gson/GsonBuilder.java:1049 PLUS -> SIGNED_RIGHT_SHIFT | gin.edit.modifynode.BinaryOperatorReplacement  ./gson/src/main/java/com/google/gson/GsonBuilder.java:1050 PLUS -> DIVIDE | gin.edit.modifynode.BinaryOperatorReplacement  ./gson/src/main/java/com/google/gson/GsonBuilder.java:1049 PLUS -> DIVIDE | gin.edit.modifynode.BinaryOperatorReplacement  ./gson/src/main/java/com/google/gson/GsonBuilder.java:1049 PLUS -> MINUS |","true","true","63.545704","0","0"
"com.google.gson.GsonBuilder","| gin.edit.modifynode.BinaryOperatorReplacement  ./gson/src/main/java/com/google/gson/GsonBuilder.java:1049 PLUS -> SIGNED_RIGHT_SHIFT | gin.edit.modifynode.BinaryOperatorReplacement  ./gson/src/main/java/com/google/gson/GsonBuilder.java:1050 PLUS -> DIVIDE | gin.edit.modifynode.BinaryOperatorReplacement  ./gson/src/main/java/com/google/gson/GsonBuilder.java:1049 PLUS -> DIVIDE | gin.edit.modifynode.BinaryOperatorReplacement  ./gson/src/main/java/com/google/gson/GsonBuilder.java:1049 PLUS -> MINUS | gin.edit.modifynode.BinaryOperatorReplacement  ./gson/src/main/java/com/google/gson/GsonBuilder.java:1049 PLUS -> UNSIGNED_RIGHT_SHIFT |","true","true","62.18915","0","0"
"com.google.gson.GsonBuilder","| gin.edit.modifynode.BinaryOperatorReplacement  ./gson/src/main/java/com/google/gson/GsonBuilder.java:1049 PLUS -> SIGNED_RIGHT_SHIFT | gin.edit.modifynode.BinaryOperatorReplacement  ./gson/src/main/java/com/google/gson/GsonBuilder.java:1049 PLUS -> SIGNED_RIGHT_SHIFT |","true","true","63.30501","0","0"
"com.google.gson.GsonBuilder","| gin.edit.modifynode.BinaryOperatorReplacement  ./gson/src/main/java/com/google/gson/GsonBuilder.java:1049 PLUS -> DIVIDE | gin.edit.modifynode.BinaryOperatorReplacement  ./gson/src/main/java/com/google/gson/GsonBuilder.java:1049 PLUS -> DIVIDE | gin.edit.modifynode.BinaryOperatorReplacement  ./gson/src/main/java/com/google/gson/GsonBuilder.java:1049 PLUS -> MINUS | gin.edit.modifynode.BinaryOperatorReplacement  ./gson/src/main/java/com/google/gson/GsonBuilder.java:1050 PLUS -> MULTIPLY | gin.edit.modifynode.BinaryOperatorReplacement  ./gson/src/main/java/com/google/gson/GsonBuilder.java:1050 PLUS -> DIVIDE | gin.edit.modifynode.BinaryOperatorReplacement  ./gson/src/main/java/com/google/gson/GsonBuilder.java:1049 PLUS -> REMAINDER |","true","true","62.03373","0","0"
